LONG_DD,LAT_DD,pres_co2,ssp126_co2,ssp585_co2,ssp126_minus_pres_co2,ssp585_minus_pres_co2,pres_ch4,ssp126_ch4,ssp585_ch4,ssp126_minus_pres_ch4,ssp585_minus_pres_ch4
-92.646848,45.412256,187.355744,186.4913711,105.0147334,-0.864372899,-82.34101059,6.162236053,3.314342022,3.21061013,-2.847894031,-2.951625923
-70.210339,44.153322,149.8858874,185.3571721,184.7441085,35.47128472,34.85822106,3.450021744,3.860702346,3.870128956,0.410680602,0.420107212
-119.450339,37.144915,95.48138244,101.5101967,152.0754655,6.028814307,56.59408306,21.33365182,22.10523816,22.63017147,0.771586342,1.296519651
-80.877648,34.541573,124.8291692,95.25030254,121.0398347,-29.57886669,-3.789334506,4.111643877,9.777057651,16.94529104,5.665413773,12.83364716
-68.607909,45.632667,312.559522,300.5804103,293.3794477,-11.97911165,-19.18007428,1.782045376,1.659395148,1.584042579,-0.122650229,-0.198002797
-73.720342,43.273357,143.1212731,144.0494622,140.9579214,0.928189113,-2.163351679,7.018599337,7.090197515,4.081610429,0.071598178,-2.936988908
-71.166022,42.700516,311.4380518,310.927585,310.5092555,-0.510466791,-0.928796302,1.771933177,1.764616612,1.755916632,-0.007316564,-0.016016545
-81.090611,35.757868,139.9629922,141.805316,96.54531312,1.842323872,-43.41767905,7.473003475,7.54089763,9.846831954,0.067894155,2.373828478
-73.757383,43.234197,209.8867026,209.0077694,120.0076934,-0.878933217,-89.87900918,1.616462599,1.572254506,1.536689298,-0.044208093,-0.079773301
-122.422715,46.53478,350.5017256,403.6653869,416.5830672,53.16366131,66.08134165,3.005816061,3.266637865,3.656943069,0.260821804,0.651127008
-69.888418,44.798841,121.5556171,121.7075429,184.7905964,0.151925764,63.2349793,1.884802659,1.77853766,1.670632004,-0.106264999,-0.214170655
-108.7129,40.108072,182.6058903,182.2973131,143.5041864,-0.308577221,-39.10170394,28.2911484,28.98181959,29.78373106,0.690671197,1.492582665
-122.328648,41.282818,249.8385643,252.8642898,255.1779866,3.025725472,5.33942228,15.72200719,16.86858044,40.51574797,1.146573247,24.79374078
-71.747262,43.188119,308.2654705,203.3324776,202.5979999,-104.9329928,-105.6674705,0.795746443,0.797388437,1.825204509,0.001641994,1.029458066
-84.342599,44.041505,177.323527,177.6272782,177.0941653,0.303751194,-0.229361711,3.494580102,3.364741197,3.780723493,-0.129838905,0.286143391
-73.886836,43.296474,228.0142468,225.7357055,223.9918332,-2.278541341,-4.022413648,0.873969852,0.848206017,1.216149501,-0.025763836,0.342179648
-84.866115,30.708037,614.8262462,629.1043872,816.2071307,14.27814097,201.3808845,15.33166119,24.39338103,23.62904969,9.061719833,8.297388492
-91.339338,44.938059,140.0457455,137.8059857,102.0634406,-2.239759782,-37.98230481,3.572875249,3.448113902,3.300354939,-0.124761347,-0.27252031
-111.694731,42.644502,31.63782517,31.62328192,31.46945896,-0.014543253,-0.168366209,7.934484991,8.051043692,8.213299181,0.116558701,0.278814191
-93.195081,34.574105,152.4578724,218.1408033,421.9939131,65.68293092,269.5360407,16.17543156,15.20564924,26.03106537,-0.96978232,9.855633813
-119.997266,38.393724,281.479284,281.4925783,281.016271,0.013294255,-0.463013047,22.47933414,22.92415507,23.85457937,0.444820922,1.375245229
-121.751899,47.412784,125.7262717,124.3121213,121.8209254,-1.414150434,-3.905346342,4.296484961,4.514026094,5.196935786,0.217541133,0.900450825
-111.343282,33.591111,31.45018103,31.39736462,58.5985326,-0.052816407,27.14835157,14.52127737,21.27315631,21.48228668,6.751878935,6.961009311
-91.992829,35.520559,209.841063,212.9472173,458.8523475,3.106154284,249.0112845,15.78362481,16.53684214,25.65465098,0.753217329,9.871026168
-111.727374,46.648333,32.53586155,32.31175687,31.87061406,-0.224104675,-0.665247487,15.66465782,16.2194911,17.10331203,0.554833278,1.438654213
-118.764728,34.645013,271.1738837,407.6550049,454.3045441,136.4811212,183.1306603,27.83723221,27.86822916,34.08222366,0.030996951,6.244991451
-83.153466,35.196105,134.3564743,133.5197102,156.5860976,-0.836764088,22.22962332,0.98755661,1.174518023,2.750251652,0.186961413,1.762695042
-84.376639,43.81499,84.13036369,83.0496378,137.2264136,-1.080725893,53.09604993,6.72436751,6.828307614,7.039465863,0.103940104,0.315098353
-112.873708,42.779062,336.9109818,338.4709782,333.8554053,1.55999635,-3.05557655,27.50353299,24.88598524,25.70758825,-2.617547755,-1.795944739
-122.311681,46.800766,114.4844054,128.9164535,126.9347166,14.43204807,12.45031119,1.313631751,1.471089149,1.771156052,0.157457398,0.457524301
-76.302083,43.227083,258.4047032,253.4221194,126.2443333,-4.982583829,-132.1603699,1.533149375,1.465817294,1.464300389,-0.067332082,-0.068848986
-121.087815,40.174792,120.4465441,197.3984367,200.1474093,76.95189254,79.70086512,3.865107555,3.995042047,4.151778439,0.129934492,0.286670884
-120.642108,39.327475,126.8195976,126.2329866,124.9738624,-0.586610975,-1.845735179,6.648260414,7.244459744,8.043563453,0.59619933,1.395303039
-120.850562,38.257854,75.00683909,75.83137537,192.5289881,0.824536284,117.522149,7.087496921,7.221262121,7.388141332,0.1337652,0.300644411
-118.967372,37.003905,30.88116094,51.0082181,71.61514389,20.12705716,40.73398295,14.66982745,20.16786756,25.12186131,5.498040116,10.45203387
-91.046074,45.492105,702.4588376,691.5132344,648.0079179,-10.94560323,-54.45091971,1.87088303,1.607902908,1.357720644,-0.262980123,-0.513162386
-94.183802,46.378651,87.64900593,92.25638329,94.27620826,4.607377353,6.627202329,7.648997147,7.766512581,10.29469236,0.117515433,2.645695217
-91.763742,47.932504,81.21221868,82.46756963,81.71967918,1.255350951,0.507460499,6.11553564,6.077645209,6.843445503,-0.03789043,0.727909863
-119.301896,37.14375,228.8241605,228.4137678,227.8603197,-0.410392687,-0.963840821,3.756717746,4.398449947,7.256047682,0.641732201,3.499329937
-82.185319,35.425826,191.2474767,192.1986921,129.3230989,0.951215413,-61.92437773,4.719013673,4.778018894,10.32257131,0.059005221,5.603557634
-83.202083,33.141394,157.7257529,413.9593782,618.4705873,256.2336254,460.7448344,14.88790441,21.95098426,26.79651572,7.063079851,11.90861131
-115.313542,48.411432,224.498117,189.0178829,225.7565368,-35.48023418,1.258419806,25.86580593,24.55746622,19.58012173,-1.308339711,-6.285684205
-81.331876,34.261911,239.8223349,239.6394178,239.6214242,-0.182917093,-0.200910753,8.041999945,12.14419126,36.16609532,4.102191318,28.12409537
-84.347917,46.50625,86.38226449,92.84992884,94.69373766,6.467664352,8.311473167,7.065630079,7.171189198,7.354165805,0.105559119,0.288535727
-71.717438,43.598524,218.2895231,216.9155722,217.040133,-1.373950841,-1.249390112,1.544135838,1.48091667,1.460338155,-0.063219168,-0.083797684
-80.09409,35.420237,127.9090637,209.1510186,125.6701109,81.24195499,-2.238952789,4.159962864,4.188693933,9.933804831,0.028731068,5.773841967
-86.617997,36.155261,259.4123378,261.1758044,590.6557506,1.763466593,331.2434128,22.05323807,22.82661181,35.63186178,0.773373734,13.57862371
-84.132975,44.660548,147.1833648,148.0419387,148.0918742,0.858573904,0.908509378,3.406875533,3.304201377,3.68876651,-0.102674156,0.281890977
-68.782535,45.634125,121.9697916,148.0432054,227.9189464,26.07341386,105.9491549,6.754345322,6.901749746,4.374202689,0.147404424,-2.380142634
-68.40812,45.570528,442.9758228,411.6031277,281.2567294,-31.37269515,-161.7190934,1.731516526,1.551628397,1.477739167,-0.179888129,-0.253777359
-93.716351,34.149561,218.2213251,219.8981006,420.3745969,1.676775461,202.1532717,24.60800517,25.70165407,26.69674911,1.093648905,2.088743937
-120.888188,38.304594,188.1546894,248.7609467,464.805966,60.60625728,276.6512766,20.43461127,20.9774889,24.85932456,0.542877624,4.42471329
-83.441089,42.213393,101.7706933,103.6211389,104.6543467,1.850445642,2.883653373,3.370464544,3.771508083,3.826786185,0.401043539,0.45632164
-85.621457,35.801042,203.2611762,120.7588823,118.1694251,-82.50229387,-85.09175106,3.866652252,3.905958228,5.234904393,0.039305976,1.36825214
-80.028689,36.782001,214.0257505,216.864589,219.1098553,2.838838474,5.084104723,15.89636883,16.54116434,25.82970993,0.644795514,9.933341105
-83.441378,44.435318,178.2528203,178.7579126,188.7514566,0.505092296,10.49863628,3.281740887,3.174376632,3.56536495,-0.107364254,0.283624063
-118.452968,34.107268,99.22221412,100.1945573,101.546604,0.972343142,2.324389908,7.136736687,7.193270378,9.623066358,0.056533691,2.486329671
-78.238542,43.326052,246.4531002,190.6639164,175.5474014,-55.78918381,-70.90569882,1.814136083,1.728180026,1.643944113,-0.085956057,-0.17019197
-91.511917,44.828699,327.995831,196.8867577,192.9417476,-131.1090733,-135.0540833,3.028962727,2.960948663,2.896603389,-0.068014064,-0.132359338
-82.919421,34.961163,431.5481183,440.3649304,438.3609202,8.816812058,6.812801892,28.65135469,24.09498974,23.63978916,-4.556364948,-5.011565536
-82.121993,36.3216,212.8422085,214.8359396,217.9274819,1.993731109,5.08527339,7.67865095,7.875240113,11.40085021,0.196589163,3.722199256
-122.333846,45.965919,299.0037073,230.1085351,230.924788,-68.89517222,-68.07891933,4.165469659,10.87248633,12.22085671,6.707016667,8.055387054
-116.997745,48.178294,99.00119933,179.3280178,197.8533561,80.32681851,98.85215675,9.730911944,12.32721786,13.3183981,2.596305912,3.587486151
-76.863764,42.901566,403.6366658,403.6342526,403.6452764,-0.002413264,0.008610587,12.21689785,12.22453217,6.496927665,0.007634324,-5.719970184
-97.786268,30.295339,91.30774461,94.56040096,98.33463772,3.252656348,7.026893109,20.82238539,21.22446143,21.58282411,0.402076038,0.760438716
-85.82558,36.096527,216.1474936,218.1660927,424.906656,2.018599129,208.7591624,8.665086742,8.920919497,15.13383755,0.255832755,6.468750809
-121.144792,40.115902,133.5000181,192.8110298,195.229207,59.31101164,61.72918888,2.128515038,2.21418916,2.330740521,0.085674122,0.202225483
-108.273317,37.399487,31.47150039,50.61064612,53.3114924,19.13914572,21.83999201,9.378731808,9.680476929,13.20000362,0.301745121,3.821271814
-95.232292,35.870603,144.5621931,229.3479984,233.6969057,84.78580533,89.13471263,11.61999942,12.44022002,13.15530745,0.820220604,1.535308038
-85.954417,42.562597,224.492669,222.3856685,221.5585595,-2.107000447,-2.934109412,1.571480446,1.499441463,1.491500712,-0.072038983,-0.079979735
-83.876792,35.376048,121.3889276,119.1644583,115.3248544,-2.224469303,-6.06407323,1.118582041,1.206634526,3.341766039,0.088052486,2.223183998
-120.651504,39.449205,135.5818915,140.0098323,167.0804341,4.427940781,31.49854254,2.590830877,2.712181374,2.868596768,0.121350496,0.277765891
-75.050668,43.899439,139.3120823,140.5364017,226.8447268,1.22431935,87.53264447,4.236931452,4.228547242,4.215823406,-0.00838421,-0.021108046
-91.126128,45.224486,96.49541224,132.7497516,135.5984966,36.25433938,39.10308437,6.066527815,6.978026839,7.102049179,0.911499024,1.035521364
-84.703916,37.784284,182.532983,224.5221124,152.2067725,41.98912938,-30.32621054,1.795207348,1.860432371,1.998340317,0.065225023,0.20313297
-80.702952,34.336709,208.9305056,209.6026176,126.6577779,0.672112006,-82.2727277,4.033686758,4.070965992,5.353471539,0.037279234,1.319784782
-121.989195,40.848975,348.0858664,437.4299719,441.1390997,89.34410553,93.05323328,36.54147564,37.57808906,53.29388366,1.036613425,16.75240802
-86.130551,41.667574,420.7844484,409.254974,399.9792063,-11.52947444,-20.80524215,1.831534256,1.756302894,1.702543246,-0.075231361,-0.12899101
-83.352742,34.715414,141.916832,140.504068,137.3623913,-1.412764095,-4.554440732,12.37628794,13.03481173,22.16880796,0.658523794,9.792520019
-83.519998,45.10299,591.8695147,593.7611216,478.3404995,1.891606886,-113.5290152,2.45428366,2.22529787,1.955083404,-0.22898579,-0.499200256
-92.895327,34.427549,144.2265779,146.4734686,145.2248534,2.246890762,0.99827548,7.875546031,7.952790585,10.30735815,0.077244554,2.431812121
-81.219554,34.051852,178.8518456,176.0341713,163.2253992,-2.817674316,-15.62644641,19.74520891,37.31545357,39.51134851,17.57024467,19.7661396
-94.778828,35.346223,251.4323104,253.7968303,254.9293065,2.364519929,3.496996162,26.64197417,27.95844382,28.95250646,1.316469653,2.310532285
-68.325187,46.557489,149.4327886,142.6495784,107.4206142,-6.783210179,-42.01217439,3.483465835,3.24871176,3.044265311,-0.234754074,-0.439200523
-71.949506,43.109775,186.4234105,186.2687773,185.5627512,-0.154633244,-0.86065936,3.272561641,3.184813727,3.680842752,-0.087747915,0.408281111
-83.54071,34.794906,135.2573095,133.9580126,130.5852868,-1.299296897,-4.672022759,5.206222516,5.632382672,6.817047386,0.426160156,1.61082487
-74.819792,44.515667,209.4703729,206.6286441,222.3349937,-2.841728855,12.8646208,0.914819152,0.757792685,0.759323218,-0.157026467,-0.155495934
-95.872801,34.315301,223.5545196,359.8736201,802.3232761,136.3191005,578.7687565,24.81206319,25.40060728,31.0004256,0.588544095,6.188362414
-111.394991,44.420051,70.68400326,94.87648702,97.40502902,24.19248375,26.72102576,5.534335466,5.52269759,6.513245302,-0.011637876,0.978909836
-69.117708,45.269746,441.0876198,490.4713697,488.6193874,49.38374988,47.53176757,6.26132715,6.323437572,3.014193339,0.062110422,-3.247133812
-122.19246,43.321502,191.7139596,191.8047214,216.3705116,0.090761817,24.65655196,6.400767344,7.168908258,10.98677163,0.768140913,4.586004281
-95.357937,35.307952,205.9597298,210.0650684,481.2690412,4.105338621,275.3093114,18.68345265,17.17599197,17.65745888,-1.507460682,-1.02599377
-98.257643,30.557553,83.23501693,87.10728827,146.9450761,3.872271346,63.71005916,19.43869488,19.93103275,28.42132854,0.492337875,8.982633662
-123.604561,47.386357,310.3574697,482.3595278,616.4110989,172.0020581,306.0536291,10.7984904,11.06034236,11.38486889,0.26185196,0.586378486
-77.007143,39.19374,227.914709,231.5655087,235.6759365,3.650799716,7.761227445,4.792427107,9.208284101,9.862634384,4.415856994,5.070207277
-74.747661,44.501683,192.5575023,192.3569383,192.2472672,-0.200563985,-0.31023512,5.858241654,9.721031324,13.5855212,3.86278967,7.727279543
-91.890212,44.936762,188.2242504,187.1077578,102.9952783,-1.116492626,-85.22897213,3.357981606,3.250218336,3.143178418,-0.10776327,-0.214803188
-93.028,34.443306,211.501128,212.3913814,212.5488185,0.89025347,1.047690557,4.558103758,4.567428533,10.40310318,0.009324775,5.844999424
-114.232292,47.676175,44.83993951,46.56814434,49.08816861,1.728204831,4.248229092,7.489936822,9.744536338,9.534514661,2.254599517,2.044577839
-122.750316,43.913909,122.9954548,120.0654549,116.1000867,-2.929999976,-6.895368111,1.490227118,1.614345011,1.795537525,0.124117893,0.305310408
-109.420471,40.915665,91.22807051,91.36103766,91.54373099,0.132967149,0.315660484,18.79677774,23.0096005,23.82451778,4.212822764,5.027740045
-85.450254,36.538312,214.3128385,216.6065133,217.7689818,2.29367481,3.456143299,5.253584639,5.318199764,11.06575388,0.064615124,5.812169246
-121.113718,39.582613,411.1295325,420.0512621,433.3774924,8.921729552,22.24795988,19.83939282,18.01606955,25.50166235,-1.823323272,5.662269523
-74.756506,41.480902,184.4288352,184.2155575,134.2593961,-0.213277727,-50.16943908,1.890829321,1.651373926,1.97642114,-0.239455395,0.085591819
-84.401757,41.237799,245.2119132,343.7451748,259.004663,98.53326164,13.79274979,2.901694249,1.867980101,2.441650829,-1.033714147,-0.46004342
-85.001975,32.515961,413.3912057,424.5789247,617.4701869,11.18771905,204.0789812,36.61885505,26.4205559,25.12244153,-10.19829915,-11.49641352
-123.432155,40.367331,422.7763998,432.3692913,636.8616266,9.592891436,214.0852268,8.775183146,24.015817,23.88309218,15.24063385,15.10790903
-73.714946,42.798037,119.2744188,119.406936,185.668806,0.132517202,66.39438718,2.888959233,2.821917566,1.651460574,-0.067041666,-1.237498659
-120.271021,37.586276,73.9903933,76.68172616,456.201528,2.691332864,382.2111347,25.90798403,33.45423646,29.13263067,7.546252429,3.224646646
-122.421703,43.708548,194.1129964,193.738996,221.1161002,-0.374000331,27.00310385,1.297409329,1.403068679,1.538670205,0.10565935,0.241260876
-122.954278,43.78714,134.614242,118.951125,115.9170345,-15.66311707,-18.69720749,1.552931956,1.621805204,1.74011901,0.068873248,0.187187054
-105.357859,39.949456,62.08911089,64.06574835,80.53847705,1.976637463,18.44936616,10.49925333,10.83262659,16.90835445,0.333373254,6.409101115
-69.17805,45.880388,450.8118465,420.5354484,267.1300076,-30.27639805,-183.6818388,1.897184424,1.714827194,1.584798839,-0.18235723,-0.312385585
-83.79203,35.016806,130.6413209,117.1729347,113.9532509,-13.46838621,-16.68806995,1.826373464,2.053355091,4.887738656,0.226981628,3.061365193
-119.787927,37.949378,364.0860998,361.4474271,366.6823533,-2.638672686,2.596253557,0.843292067,0.831448412,0.835355802,-0.011843655,-0.007936266
-107.659343,37.382549,56.50621806,56.91986171,116.666324,0.413643648,60.16010591,12.65778538,12.94167753,16.43951677,0.283892145,3.781731392
-121.688244,48.647945,409.7369006,425.3354672,432.3796745,15.59856666,22.64277394,10.04039055,16.14659124,17.2892627,6.106200692,7.248872151
-69.812207,45.65888,500.0633886,454.3149368,420.5343483,-45.74845178,-79.52904027,1.804657101,1.697569896,1.537310537,-0.107087204,-0.267346563
-79.536533,37.042396,184.3145864,188.5427436,325.225985,4.228157202,140.9113987,19.98015414,20.71251518,27.45997009,0.732361035,7.479815946
-121.311458,39.324244,245.3689198,620.1004749,636.8576709,374.7315552,391.4887511,20.2800998,26.91305572,27.39389485,6.632955924,7.113795047
-84.267474,36.959995,254.3075032,256.0762672,453.283154,1.768764012,198.9756508,21.31851084,25.6734091,20.65655826,4.354898268,-0.661952579
-79.275885,40.921511,207.5096637,208.4765613,209.4247284,0.966897654,1.915064763,4.279651853,4.309835406,4.406437662,0.030183553,0.126785809
-106.205943,40.03395,325.8717896,323.8115578,214.0812661,-2.060231829,-111.7905235,0.606615948,0.606395051,1.410369908,-0.000220897,0.80375396
-120.213696,38.498886,292.8359258,291.7252963,258.877337,-1.110629535,-33.95858882,0.717833094,0.72061666,0.7550963,0.002783566,0.037263206
-118.985417,37.370232,32.58597344,52.96872124,56.78149666,20.38274779,24.19552322,14.7084293,23.79229287,23.33608801,9.083863568,8.62765871
-122.278125,45.244019,231.1043583,292.2697149,302.7471784,61.16535657,71.64282014,2.01060101,2.375618217,2.824597624,0.365017207,0.813996615
-116.297014,46.516351,192.6609439,195.8425513,249.770259,3.18160739,57.10931509,20.01451023,25.38358566,26.34277997,5.369075428,6.328269736
-84.278125,34.881121,110.5281298,109.4589608,161.8075069,-1.069168948,51.27937713,3.251762744,3.284554695,22.47812788,0.032791951,19.22636513
-122.805208,43.922071,250.2066606,321.3414038,261.736605,71.13474326,11.52994441,1.323808583,1.99383479,2.228369356,0.670026207,0.904560773
-84.726313,34.164969,416.6911024,425.0487554,578.8352293,8.357652956,162.1441269,24.85991198,27.48902177,37.29979993,2.629109786,12.43988794
-107.957143,45.305859,54.32611515,54.24384429,51.32096407,-0.082270859,-3.005151086,21.81185975,24.42127373,25.36955455,2.60941398,3.557694805
-92.572917,36.365385,144.6186116,147.5092766,233.0861946,2.890664981,88.46758298,13.52419934,14.56566315,15.54476825,1.041463812,2.020568915
-84.646551,35.094393,118.6688544,117.492443,115.5501223,-1.176411329,-3.11873203,2.957144511,3.085457067,6.741277586,0.128312556,3.784133075
-83.934611,35.44835,126.2462265,123.7243181,120.1069653,-2.521908412,-6.139261128,2.9596418,6.187125967,7.153294228,3.227484167,4.193652428
-119.317006,37.324723,226.6168143,225.3405533,224.9100957,-1.276261056,-1.7067186,43.13957874,65.27893973,66.49228046,22.13936099,23.35270171
-82.611458,34.257845,151.7820345,153.2291362,233.9823356,1.447101646,82.20030104,10.89129808,11.02355524,25.70124368,0.13225716,14.80994559
-97.905713,30.393211,93.06458054,96.83543966,156.9552102,3.770859126,63.89062963,21.14538406,21.66066376,22.02110219,0.515279694,0.875718127
-73.019413,41.99076,257.6840851,200.0762718,241.5529921,-57.60781325,-16.13109295,2.871399697,1.962635125,2.035700331,-0.908764572,-0.835699366
-86.755208,40.657388,69.89444827,126.5327688,191.4552172,56.63832055,121.5607689,6.845401517,7.020088454,7.277640153,0.174686938,0.432238636
-120.439328,38.867879,257.1251577,327.556515,423.9200774,70.43135732,166.7949197,13.34843832,14.61531306,13.62521228,1.266874745,0.276773966
-122.434547,41.935837,56.55291283,59.13130964,61.95425509,2.578396816,5.401342262,24.32649414,31.06658553,28.27016362,6.740091399,3.943669489
-69.864533,45.461484,443.5062179,428.4599611,203.7434744,-15.04625682,-239.7627434,1.623138193,0.768163817,0.776537692,-0.854974376,-0.846600501
-72.767708,44.382775,370.4171193,367.5248208,296.2569365,-2.892298441,-74.16018279,1.475227794,1.464654109,2.111850415,-0.010573685,0.636622621
-88.232155,45.355943,109.6915233,135.760586,138.7484448,26.06906264,29.0569215,6.078559388,6.979824435,6.988324087,0.901265047,0.909764699
-121.629554,37.166223,118.7896301,130.5165168,261.0973284,11.72688665,142.3076983,13.23621467,13.45896821,20.07810258,0.222753536,6.841887905
-84.393193,45.550572,193.9402612,277.7217687,114.1266319,83.78150754,-79.81362926,3.302855018,3.189655656,1.943139351,-0.113199362,-1.359715666
-74.846215,44.221454,372.6156008,361.4717366,355.5779225,-11.14386423,-17.03767831,1.646062434,1.572913459,1.522117084,-0.073148975,-0.12394535
-84.176042,35.152638,208.44795,139.85107,135.8252422,-68.59687995,-72.62270778,1.267981491,1.438670688,2.618582123,0.170689197,1.350600632
-79.389341,39.510776,131.8037939,137.6242421,141.9710426,5.82044818,10.1672487,4.448858161,4.441599539,4.429481411,-0.007258622,-0.01937675
-122.530468,39.585442,31.86933887,31.70467579,58.84913448,-0.164663086,26.9797956,10.57241335,10.6895202,10.77562044,0.117106851,0.203207094
-121.231063,44.692737,31.61736333,31.49170836,56.30411486,-0.125654971,24.68675153,21.34600512,22.2533427,22.09387848,0.907337586,0.747873362
-121.128322,46.654792,110.0556758,134.9922954,139.2100497,24.93661956,29.15437388,3.968678198,4.005822124,4.145681205,0.037143926,0.177003007
-123.180998,39.197467,687.069045,929.4608695,932.2854965,242.3918244,245.2164515,16.88965298,16.60073749,16.26649961,-0.288915489,-0.623153372
-121.023036,40.282206,77.95451482,114.7317571,118.7939616,36.77724228,40.83944678,7.091739884,7.163619257,7.370393733,0.071879374,0.27865385
-72.449256,43.138518,248.9929733,247.485168,152.6982805,-1.507805263,-96.29469283,1.643843164,1.592339234,1.560922916,-0.05150393,-0.082920249
-81.194332,35.821759,144.4201684,146.9457119,238.9510975,2.525543545,94.53092918,4.98027294,5.015823275,10.03518831,0.035550335,5.054915374
-79.021063,43.144436,191.6980368,321.6852011,249.3991646,129.9871643,57.70112783,6.359727032,6.79139141,7.997802562,0.431664378,1.63807553
-116.837102,44.970949,31.64333288,55.0563352,57.94862866,23.41300231,26.30529577,21.37551874,22.43889246,21.78736401,1.063373716,0.411845262
-123.224023,47.422917,118.3563634,115.0764148,104.0920113,-3.279948604,-14.26435207,6.942065334,7.216596217,8.218525515,0.274530883,1.276460181
-121.142593,39.393473,445.4000921,451.3402513,618.2675387,5.940159245,172.8674466,35.32253547,36.1335218,42.84276211,0.810986337,7.520226643
0.448646,44.039785,142.3307515,85.29917803,99.08306925,-57.03157343,-43.2476822,16.82611176,31.57040153,28.54919204,14.74428977,11.72308028
-83.720724,44.465566,487.2613315,487.1524167,488.0378243,-0.108914771,0.776492818,2.574305537,2.571797005,2.566475169,-0.002508532,-0.007830368
-80.586611,37.073821,141.2514249,142.470245,232.1135949,1.218820142,90.86217004,4.842097695,8.945768267,9.480220664,4.103670572,4.638122969
-122.672183,42.672829,224.5518212,226.5646205,250.5107936,2.01279924,25.95897237,26.01336701,24.14325087,24.58370181,-1.870116147,-1.429665199
-120.309375,39.001324,210.9148838,216.91871,227.1968315,6.003826197,16.28194768,20.94969108,22.17016152,24.39037545,1.220470441,3.440684376
-72.304678,44.362214,370.6193379,362.8841653,359.9588149,-7.73517254,-10.66052296,1.686363645,1.630093109,1.578600335,-0.056270536,-0.10776331
-110.065625,42.028371,97.87947163,97.67721368,96.88335906,-0.202257952,-0.996112572,8.64704561,18.3172995,22.83473635,9.670253891,14.18769074
-81.840625,35.744272,144.5157158,142.3829115,122.7421442,-2.132804296,-21.77357159,4.242740071,4.268236715,10.03660587,0.025496643,5.793865801
-85.944131,36.29222,266.2477949,240.4748061,240.49284,-25.77298874,-25.75495493,92.97241002,93.50605272,92.60242695,0.5336427,-0.369983074
-106.833021,40.285105,314.0485825,316.7565651,292.8343857,2.707982565,-21.21419679,8.523711361,9.05168151,19.99201076,0.527970148,11.4682994
-84.380936,43.678709,111.4890435,112.451995,111.1336717,0.962951562,-0.355371799,5.55489536,3.057634876,3.480640654,-2.497260484,-2.074254705
-93.311648,36.597936,133.9168151,139.5376457,144.9100283,5.620830617,10.99321325,12.18632217,16.41617077,20.27617147,4.229848593,8.089849297
-80.890208,38.224185,169.8508309,190.9390616,462.8134948,21.08823078,292.9626639,14.67847618,13.22485004,12.22742636,-1.453626134,-2.451049814
-118.310227,40.470148,31.153897,31.15459192,31.11917981,0.000694911,-0.03471719,15.93161197,16.06245402,19.81189183,0.130842052,3.880279857
-72.921597,43.724601,181.3455068,126.5054494,120.9809842,-54.84005737,-60.3645226,1.895892095,1.841368785,1.728135399,-0.054523309,-0.167756696
-85.078125,32.611122,124.0110537,122.6959744,120.4723436,-1.315079336,-3.538710086,5.383946823,17.1652071,18.35904614,11.78126028,12.97509932
-120.309147,37.519675,83.66789797,254.7806469,292.8558486,171.1127489,209.1879506,22.58419554,26.52491267,31.67981287,3.940717135,9.095617333
-118.753391,34.462147,58.51845617,93.46785118,433.6340793,34.94939501,375.1156231,26.58808989,26.69213768,30.20261597,0.104047791,3.614526083
-117.347793,48.985004,140.0826233,220.801529,249.2143113,80.71890567,109.131688,16.4075509,17.49810856,18.4791147,1.090557665,2.071563804
-120.929889,39.27364,388.3388331,388.8474083,390.0128538,0.508575299,1.674020708,2.272372023,2.25901973,1.27189862,-0.013352293,-1.000473404
-73.84499,42.806707,208.1969535,207.1510378,128.321806,-1.045915672,-79.87514753,2.59242808,1.476182443,1.456347486,-1.116245637,-1.136080594
-93.40625,38.264873,218.9068774,221.2411214,231.312877,2.334244081,12.40599962,16.3576253,18.91941683,27.17512835,2.56179153,10.81750305
-85.064945,31.627517,582.389978,599.9445105,629.4626844,17.55453245,47.07270634,22.58702534,26.0271696,24.79067824,3.440144253,2.2036529
-89.232328,46.686357,489.8336129,459.8409743,432.9334605,-29.99263854,-56.9001524,1.779030223,1.791308495,1.6526696,0.012278273,-0.126360622
-79.855467,39.718069,131.3278156,133.1705353,141.104274,1.842719655,9.776458364,7.275874269,7.361120811,7.491199421,0.085246542,0.215325152
-122.547437,44.451859,362.8158306,371.6521483,382.6535536,8.836317743,19.83772303,3.150980157,3.4300295,9.324088073,0.279049343,6.173107916
-85.753125,34.173958,431.6167445,440.2996116,604.1477399,8.682867141,172.5309954,21.26537647,22.75088893,21.26226927,1.485512461,-0.003107196
-115.921576,43.593558,67.03386345,67.61003819,68.28566516,0.576174738,1.251801716,8.166164601,10.60866578,10.8159759,2.44250118,2.649811295
-120.95432,39.137297,323.3604817,438.1952731,606.6748222,114.8347914,283.3143405,23.43329958,24.67937127,35.41546718,1.246071683,11.9821676
-74.782242,41.574029,185.1321998,184.7740034,137.4205375,-0.358196386,-47.71166224,1.544185355,1.49258458,2.06000451,-0.051600775,0.515819155
-74.641246,41.824554,200.6873539,199.924417,199.5629355,-0.762936897,-1.124418458,1.078622738,1.078935493,1.078424479,0.000312755,-0.000198259
-68.446659,44.627559,282.8745522,277.942781,277.0834969,-4.931771193,-5.791055282,1.609251873,1.548967486,1.524063603,-0.060284386,-0.08518827
-86.256528,32.620036,151.2385038,149.0803206,327.3019509,-2.158183207,176.0634471,10.69470157,21.36151575,45.34764379,10.66681418,34.65294222
-93.849219,36.422916,232.0526357,417.1661896,526.5169811,185.1135539,294.4643454,14.59909256,15.33924654,13.70198766,0.740153974,-0.897104904
-72.079582,43.386478,374.5286109,279.1368987,255.0089991,-95.39171221,-119.5196119,1.067028024,1.039099071,1.017584976,-0.027928953,-0.049443049
-122.540564,40.599432,357.5802,638.2308852,649.6873157,280.6506852,292.1071156,20.74838314,21.48309701,29.21833636,0.734713873,8.469953219
-123.176785,42.84762,465.123552,484.6350863,775.1560783,19.51153427,310.0325263,15.56212327,15.11488188,14.6558341,-0.447241389,-0.906289174
-83.653125,35.197248,119.8746919,118.2052867,115.4020488,-1.669405191,-4.472643139,1.463130699,1.63420446,4.020858721,0.17107376,2.557728022
-72.913438,42.794427,179.0101313,178.4434193,178.6375432,-0.566712008,-0.372588123,1.360651755,1.527399621,1.757274987,0.166747866,0.396623233
-106.906358,42.154838,31.25910601,31.25646471,31.21643939,-0.002641296,-0.042666621,15.18030243,15.45163357,13.82289385,0.271331144,-1.357408575
-86.518663,32.965262,122.0051427,120.4140177,118.1010906,-1.591125041,-3.90405216,6.764803783,7.24694185,7.986344915,0.482138067,1.221541132
-123.011209,38.718758,700.404667,692.4371609,693.4774789,-7.967506114,-6.927188121,11.81697546,13.35358413,15.81206098,1.536608673,3.995085523
-112.00209,46.9895,32.13696697,49.11954632,48.11259832,16.98257936,15.97563135,6.137162325,7.990256676,7.801738484,1.853094351,1.664576158
-119.910579,37.977502,266.6488527,266.4267239,266.2411699,-0.222128791,-0.407682817,5.115276254,5.390724412,11.88233194,0.275448157,6.767055687
-80.235565,35.602704,142.055407,144.6689925,147.4148835,2.613585476,5.359476558,7.827619714,7.91672314,7.998023093,0.089103426,0.170403378
-81.439986,35.772803,144.9484891,147.1327899,149.4367903,2.184300822,4.488301132,7.763964062,7.856628152,7.952560212,0.09266409,0.18859615
-111.40263,40.787922,683.3723004,684.4820759,683.7306622,1.109775486,0.358361823,1.271828556,1.272461486,1.255247153,0.00063293,-0.016581404
-72.000224,44.326847,392.7949567,282.6401951,221.1563969,-110.1547616,-171.6385598,1.734474309,1.629660366,1.562989097,-0.104813943,-0.171485212
-116.902154,44.835014,31.78475618,31.61189969,50.42789144,-0.17285649,18.64313527,19.21679559,20.52074436,24.66763381,1.303948775,5.450838229
-106.732989,36.594947,31.72222403,31.67918073,31.52980537,-0.043043306,-0.192418663,12.9420624,13.18913163,14.73657269,0.247069237,1.794510296
-71.872877,44.334693,422.6216679,330.015241,349.6727889,-92.60642693,-72.94887898,1.028592712,0.845174262,0.754881273,-0.18341845,-0.273711439
-122.196295,46.061944,397.902809,438.9094992,438.3315195,41.00669026,40.42871047,12.93400713,13.62413874,14.33600273,0.690131607,1.401995596
-97.483244,42.850337,97.23725193,97.23632242,99.80685953,-0.000929504,2.5696076,2.81856884,6.069302502,8.330406374,3.250733662,5.511837534
-74.964201,42.076891,195.0094119,194.5248205,210.0340307,-0.484591483,15.02461876,2.808257874,2.741150447,3.914342697,-0.067107427,1.106084823
-80.890625,34.60297,141.0669215,142.8621967,96.01701593,1.795275149,-45.04990562,7.64565402,9.884018478,10.20587788,2.238364458,2.560223857
-89.723311,43.311735,76.21381318,140.0347172,140.9552753,63.82090405,64.7414621,5.996941552,5.96144446,6.961488536,-0.035497092,0.964546984
-83.497532,36.164256,145.7640839,149.1355679,324.9369212,3.371484024,179.1728373,9.804686512,10.14526257,10.51379711,0.340576059,0.7091106
-88.247429,35.069376,111.1218987,153.5610049,154.8652131,42.43910622,43.7433144,13.73640051,14.04611799,14.20031149,0.309717476,0.463910972
-89.676922,45.481156,81.55398874,81.9294226,138.3178749,0.375433865,56.76388618,6.193819367,5.949528098,6.890092065,-0.244291269,0.696272698
-79.368247,39.796654,184.8095908,183.6328452,182.925043,-1.176745619,-1.884547861,1.297634837,1.387799605,1.86886352,0.090164769,0.571228684
-111.430527,40.963948,129.031884,132.3582459,136.2525755,3.326361868,7.220691444,2.487611034,2.48354437,5.594254918,-0.004066664,3.106643884
-72.530467,44.627695,322.7287223,307.2881693,257.894187,-15.44055291,-64.83453525,0.853760729,0.82253863,0.954405369,-0.031222099,0.10064464
-119.958792,38.331332,61.35247227,90.32537307,97.34429159,28.9729008,35.99181931,11.88434428,12.68456798,13.63241608,0.800223695,1.748071801
-85.910417,32.682016,145.7036953,127.2649696,179.06764,-18.43872573,33.36394466,21.10989377,22.03068312,46.33832942,0.92078935,25.22843565
-119.527037,37.293805,125.2434256,124.2186894,119.9456381,-1.024736246,-5.297787454,3.654200547,3.618045859,3.703499186,-0.036154688,0.049298639
-111.841795,41.254826,64.62935539,69.74802811,76.78129662,5.118672725,12.15194124,6.820511594,5.802073509,7.574033523,-1.018438085,0.753521929
-83.807292,35.453399,122.310011,120.2472724,116.8084639,-2.062738642,-5.501547125,1.879727755,2.071315574,4.813471192,0.191587819,2.933743437
-111.746388,42.274419,63.45259273,30.76623193,50.57306333,-32.6863608,-12.8795294,6.213354859,6.196175217,8.036224664,-0.017179641,1.822869806
-96.927032,36.702154,314.1043907,322.7045439,395.5521208,8.600153123,81.44773004,27.66440249,26.84645216,34.96665817,-0.817950334,7.302255683
-115.972917,42.947917,31.54744758,31.47135783,31.33066019,-0.076089747,-0.216787395,17.98576248,22.3630017,22.07441408,4.377239223,4.088651602
-113.484084,42.667609,31.22619535,31.22953524,31.19213603,0.003339885,-0.034059324,8.614363863,8.66688788,8.702680635,0.052524017,0.088316772
-84.293303,35.168026,214.4798226,215.8154213,211.8042524,1.335598625,-2.675570235,5.032428866,5.157900562,12.91749599,0.125471696,7.885067122
-94.684146,34.147952,489.2813455,505.8602373,655.844002,16.57889186,166.5626565,25.62747204,26.60071522,30.68994071,0.973243183,5.062468676
-85.089661,32.665236,149.2356216,102.3019061,127.1871082,-46.93371551,-22.04851338,10.40533707,10.63525109,22.00921242,0.229914017,11.60387535
-73.924609,43.318878,217.2160455,215.1331487,215.3877327,-2.082896816,-1.828312842,1.458663322,1.384145906,1.378836512,-0.074517416,-0.07982681
-82.889333,34.799787,635.3404021,646.8373265,663.3428913,11.49692434,28.00248914,14.05474205,23.40634234,22.9424923,9.351600287,8.887750247
-120.813047,38.152175,106.5560145,122.3064374,559.1297591,15.75042283,452.5737446,23.42599012,29.05980366,29.31498105,5.63381354,5.888990936
-120.602083,37.877114,82.72163686,85.26320819,119.664999,2.541571338,36.94336212,22.52451215,22.0313635,22.37789165,-0.493148646,-0.146620502
-85.885681,32.536051,117.7248763,138.7018534,138.0297127,20.97697709,20.30483643,6.326921042,6.703659074,7.264443288,0.376738032,0.937522246
-107.805617,37.548048,170.0510875,172.3014649,102.3987619,2.250377436,-67.65232555,2.007130506,1.976479767,1.892401785,-0.03065074,-0.114728721
-110.660417,41.96939,101.5122837,100.622158,98.63923309,-0.89012573,-2.873050637,11.56429661,26.71789279,27.8109754,15.15359618,16.24667879
-120.886973,35.759477,73.63817481,76.48718839,78.75225512,2.849013586,5.114080318,17.5439491,27.53203415,28.13886018,9.988085045,10.59491108
-80.06875,35.207212,144.4953743,146.6001661,148.7004216,2.10479179,4.205047263,7.994700669,8.06368171,8.11126625,0.068981041,0.116565581
-115.73393,47.958644,224.1046727,192.3896614,197.4159606,-31.71501133,-26.68871215,11.91193241,12.36337391,15.72329894,0.451441503,3.81136653
-120.46816,39.110417,332.252107,435.9936044,444.8703688,103.7414973,112.6182617,21.50473776,23.83662288,20.8954809,2.331885125,-0.609256852
-80.16573,33.452083,173.3488299,171.6828595,168.7358544,-1.665970439,-4.61297552,45.62373854,39.39788587,64.91429774,-6.225852671,19.2905592
-121.269088,39.241269,142.1810428,229.5932425,441.666195,87.41219974,299.4851523,10.3761035,10.74494641,10.91342863,0.368842914,0.537325134
-88.427161,37.168871,725.0899245,730.9948266,733.0127147,5.904902162,7.922790255,24.01366656,39.77390123,40.66349873,15.76023467,16.64983217
-70.560582,43.572913,218.6622684,217.5319286,217.8351585,-1.13033983,-0.827109944,0.795689025,0.784728674,1.296823971,-0.01096035,0.501134946
-72.302083,43.668953,198.1554731,210.7627644,210.4584875,12.60729127,12.30301438,3.394263243,4.356106957,8.914853806,0.961843714,5.520590564
-86.285435,32.58559,601.7779379,613.7021403,644.283511,11.92420238,42.50557308,36.8519244,35.42099525,25.69270072,-1.430929147,-11.15922368
-121.314531,39.052137,146.7257226,150.469889,546.3488249,3.744166411,399.6231023,30.98756008,29.34988901,27.97352836,-1.637671076,-3.014031722
-81.010741,35.022443,139.7421778,142.345894,145.2367518,2.603716278,5.494574062,7.823145008,7.89744479,7.964795289,0.074299782,0.14165028
-83.157149,33.352754,446.8239067,454.0226587,578.87841,7.19875193,132.0545033,24.31463453,42.05432922,46.14095635,17.73969469,21.82632181
-122.106948,38.513668,130.3567984,136.4864188,328.4544266,6.129620442,198.0976282,20.64287494,21.27257299,21.79772332,0.629698051,1.154848383
-83.978413,35.494661,133.475686,130.5672924,126.6248183,-2.908393614,-6.850867706,2.29727511,2.355203764,7.48415235,0.057928655,5.18687724
-121.684206,47.97651,406.7191006,406.7072486,406.6969616,-0.011852009,-0.022139003,12.05466979,12.05768461,12.05607238,0.003014824,0.001402598
-81.326986,34.314635,245.5241558,244.6552468,244.0870198,-0.868909021,-1.437136037,89.03961242,88.10702407,88.21757135,-0.932588356,-0.82204107
-121.022487,38.22259,89.04606832,91.34982524,560.6413939,2.303756921,471.5953256,23.37930139,28.66812886,29.36187053,5.288827466,5.982569144
-83.047917,35.693466,103.4747837,123.7250805,118.8122077,20.25029679,15.33742397,2.138126418,2.183874399,2.240930526,0.04574798,0.102804107
-76.743248,40.463779,141.4629023,144.690684,229.9574595,3.227781702,88.49455719,5.081013205,9.038433849,9.627710229,3.957420644,4.546697023
-82.085291,36.523027,128.7945898,131.4463108,395.3714862,2.651721019,266.5768964,11.90972563,14.52135786,11.43135944,2.611632227,-0.478366196
-117.861998,34.207769,128.4785717,273.875278,382.5603561,145.3967063,254.0817844,15.9447832,16.1345792,36.45964968,0.189795999,20.51486647
-122.535917,39.082147,119.9295912,441.513006,650.0291748,321.5834148,530.0995836,33.01841289,33.61939349,34.14590509,0.600980605,1.127492199
-78.007947,40.434494,183.0065053,184.8344025,230.042163,1.827897225,47.03565766,17.08115781,18.25966397,19.63471036,1.178506158,2.553552555
-79.06867,35.656806,259.0208232,437.3008302,451.261961,178.280007,192.2411378,24.3274077,35.42982955,36.37645341,11.10242184,12.0490457
-111.186458,34.552889,97.07910649,102.2675366,156.5122842,5.188430128,59.43317772,14.17118068,15.95353291,22.19223462,1.782352223,8.021053939
-83.126311,40.156537,108.1539491,174.6515285,194.7003327,66.49757937,86.54638355,3.757540915,3.7815647,3.863061881,0.024023785,0.105520966
-111.422917,40.599261,323.3905907,295.253042,302.9476176,-28.13754873,-20.44297312,9.385537629,19.89585425,21.03789367,10.51031663,11.65235604
-84.239583,35.789583,255.6522838,442.7457554,617.2943988,187.0934716,361.6421149,26.23996734,26.81316477,18.11474254,0.573197427,-8.125224801
-122.555376,45.957492,102.3965464,98.67765357,99.4305417,-3.718892823,-2.966004691,2.999446449,3.597990851,4.600754918,0.598544403,1.60130847
-117.238522,43.639982,31.38998825,31.35874272,31.24967651,-0.031245535,-0.140311746,12.89167998,13.02275453,14.29248779,0.131074549,1.400807814
-95.039609,36.470297,175.3351997,233.7141308,236.3040779,58.37893115,60.96887821,8.636904642,9.17556284,9.751667405,0.538658198,1.114762763
-91.926469,44.885236,113.7351237,114.6299534,207.8554181,0.894829693,94.1202944,9.43515423,9.678674546,14.84583985,0.243520316,5.410685621
-89.421875,45.644144,208.1482424,207.5238915,124.1397996,-0.624350855,-84.00844277,3.25503091,3.218348891,3.170124135,-0.03668202,-0.084906775
-118.92174,36.062301,52.54027562,74.53344675,326.099317,21.99317114,273.5590414,25.58784515,28.3210164,28.63368101,2.733171247,3.045835859
-122.080702,45.48446,269.4297358,265.0909199,253.311207,-4.338815841,-16.11852874,1.436927993,1.436154314,3.17131065,-0.000773679,1.734382657
-106.371408,39.253663,31.2264625,31.32186595,54.11198089,0.09540345,22.88551839,15.699302,16.56915516,23.38218146,0.86985316,7.682879465
-82.822993,34.360491,409.1932657,416.5701834,615.4508498,7.376917727,206.2575841,20.71343088,26.77202003,27.69397793,6.058589149,6.980547044
-85.618247,35.001899,416.5858399,429.0184793,432.1897296,12.43263945,15.60388977,11.2877144,11.34070629,18.40579071,0.052991885,7.118076303
-73.677154,42.914697,270.9398173,268.2295525,120.5564329,-2.710264816,-150.3833845,1.982784956,1.942708813,1.90673416,-0.040076143,-0.076050796
-122.240036,44.126141,200.2079638,231.0505074,288.5726809,30.84254362,88.36471712,1.880400083,2.026024614,2.245192988,0.14562453,0.364792904
-77.527165,37.222863,259.2943056,260.6085862,436.9931418,1.314280588,177.6988361,21.28486676,34.78655742,36.076774,13.50169066,14.79190725
-122.247917,44.719354,383.1984316,386.6051684,391.52767,3.406736798,8.32923836,11.03274283,11.67461606,12.94055219,0.641873225,1.907809357
-84.09268,36.227217,146.4320767,149.2616136,236.1895633,2.829536845,89.7574866,5.142732592,9.912355445,10.24950915,4.769622853,5.106776558
-117.837699,47.8343,49.51190433,50.14826591,50.1036459,0.636361578,0.591741563,7.50027534,7.586888621,9.360820132,0.086613281,1.860544792
-113.77703,37.252699,161.8081296,102.0762669,274.3535874,-59.73186268,112.5454578,26.95898173,26.93794571,32.59128486,-0.021036017,5.632303126
-87.10631,33.94409,421.0256336,612.0413015,633.4545018,191.015668,212.4288683,18.46844784,16.74733138,23.94869004,-1.721116465,5.480242198
-86.84899,46.330472,193.8536598,273.7557813,266.6774991,79.90212144,72.82383928,1.804380217,1.720885004,1.639131807,-0.083495213,-0.16524841
-84.090625,34.955905,113.2033832,121.0443605,204.9609129,7.840977277,91.75752966,2.871692427,2.943526697,9.179525297,0.07183427,6.30783287
-73.913542,44.504973,301.288233,299.0979867,298.532478,-2.190246296,-2.755755003,1.758424557,1.725350881,2.466816831,-0.033073676,0.708392273
-86.444792,32.807471,132.8968909,131.2624423,127.9460764,-1.634448593,-4.950814523,10.58163496,18.16104936,24.33880614,7.579414408,13.75717119
-75.186347,41.456134,184.6808863,184.4391533,183.9956145,-0.241732992,-0.685271805,2.015108224,1.935303979,3.669116636,-0.079804245,1.654008412
-85.401817,44.902706,255.3151783,249.115994,243.6217009,-6.199184309,-11.69347737,1.467321455,1.400101802,1.883249006,-0.067219653,0.415927551
-122.422031,40.720459,185.1943745,185.6384886,325.3396469,0.444114138,140.1452724,16.38106783,24.69176987,24.2919328,8.310702044,7.910864972
-119.321848,36.831978,59.13103951,98.69080231,99.26260582,39.5597628,40.1315663,22.94052429,23.50816297,28.55961668,0.56763868,5.619092389
-69.528952,44.06464,215.4276209,214.3781458,134.1570528,-1.049475153,-81.27056812,1.456358891,1.408345081,1.420033479,-0.04801381,-0.036325412
-85.14375,36.867817,221.2444737,215.1359884,427.9826447,-6.108485324,206.738171,8.543969801,8.842325052,14.84248704,0.298355251,6.298517242
-107.333611,38.45367,126.7232782,122.969115,116.153976,-3.754163194,-10.5693022,3.062004652,4.04745305,23.47512883,0.985448398,20.41312418
-82.434375,36.438918,148.7914621,232.4709329,313.4539306,83.67947076,164.6624684,14.5037153,15.24729765,16.20120911,0.743582356,1.697493816
-121.984375,41.044408,258.957372,324.2724577,418.4875674,65.31508572,159.5301954,35.04796794,36.20784678,32.72907587,1.159878839,-2.318892073
-76.297887,39.818781,221.7470539,250.9169043,254.8893148,29.16985037,33.14226094,19.23022158,20.8124553,21.88158648,1.582233723,2.651364901
-114.360473,43.256388,31.22296075,31.21841169,31.18184887,-0.00454906,-0.041111883,11.46322201,8.767970519,13.36336985,-2.695251494,1.900147834
-114.906203,42.839323,31.06132386,31.05039479,31.00231699,-0.010929072,-0.059006878,16.28607147,16.54871214,20.31061969,0.262640668,4.02454822
-82.347917,37.231204,189.6935229,205.797364,503.2290959,16.10384108,313.535573,14.67484475,15.30238674,13.77225824,0.627541994,-0.902586511
-92.477083,44.211143,148.425363,174.1815844,103.6675901,25.75622139,-44.75777295,3.389954903,3.216486441,3.084897697,-0.173468461,-0.305057205
-85.610417,33.260829,454.8043685,580.7914299,593.0792063,125.9870615,138.2748378,42.50699971,53.05282221,45.02647433,10.5458225,2.519474628
-122.329902,41.981246,31.09164252,31.0917839,46.5476454,0.000141385,15.45600289,8.007270051,8.073054075,8.151183762,0.065784024,0.143913711
-111.485228,36.939635,92.49330248,92.61760815,166.9452211,0.124305667,74.45191866,23.63034409,23.70055642,25.40041848,0.070212332,1.770074389
-93.534719,47.231799,77.72353425,78.77993025,78.90886322,1.056396001,1.185328966,6.148762122,6.117580803,6.975257027,-0.031181319,0.826494905
-120.419017,37.70282,116.5717256,397.3832854,618.2682574,280.8115598,501.6965318,26.61741612,33.84416268,34.11105745,7.226746563,7.493641336
-83.802154,44.564791,191.4632694,121.3140021,120.1912713,-70.14926727,-71.27199801,1.854752069,1.733397932,1.651776649,-0.121354137,-0.20297542
-69.90625,45.072917,334.1128962,263.6233524,258.4174919,-70.48954374,-75.69540425,1.68264805,1.566316393,1.511044697,-0.116331657,-0.171603352
-83.068498,35.241953,234.7994438,377.3697008,389.1276666,142.570257,154.3282228,2.611928489,3.545936857,4.981877201,0.934008368,2.369948713
-84.072357,34.16084,330.3684198,405.4007281,578.1980258,75.03230827,247.829606,24.01926301,28.49040421,28.94689755,4.471141191,4.927634534
-89.728125,45.444666,96.02939804,93.88112081,111.5186275,-2.148277231,15.48922944,6.351187929,7.002953586,7.230767004,0.651765657,0.879579075
-114.010417,48.339662,61.98340596,65.92671391,69.92861828,3.94330795,7.945212315,9.478470771,9.708738795,12.13062887,0.230268025,2.652158103
-86.056267,33.785434,427.6887261,636.9513804,651.8944851,209.2626543,224.205759,25.98072352,24.39413186,23.3717284,-1.586591658,-2.608995125
-79.403388,37.089571,233.6932816,235.9820761,325.5814114,2.28879457,91.88812985,19.57680006,20.33000653,34.08653065,0.753206472,14.50973059
-93.172917,35.251912,252.6731612,254.8589467,415.526616,2.185785505,162.8534548,20.23837993,21.07792001,23.01998531,0.839540086,2.781605379
-106.329309,39.876756,30.65379367,30.44893577,31.02077572,-0.204857897,0.366982046,9.798641041,9.829352424,10.28121302,0.030711383,0.482571975
-96.25625,36.152083,121.3189152,124.3917963,126.9875608,3.072881091,5.66864559,15.63470919,20.08215333,21.102131,4.44744414,5.467421802
-69.722917,44.764729,188.69576,188.0743691,186.5632729,-0.621390941,-2.132487116,3.049329558,2.957144766,1.710321184,-0.092184791,-1.339008374
-111.525821,40.407034,33.24134402,32.52807564,50.28607154,-0.713268382,17.04472752,6.021531501,8.001965782,9.914999432,1.980434281,3.893467931
-70.605191,43.669679,203.5311543,128.8718183,122.8177468,-74.65933598,-80.71340741,1.833676387,1.788990584,1.469443469,-0.044685803,-0.364232919
-122.668049,44.418013,278.1301253,277.2057741,275.5971321,-0.924351167,-2.532993243,1.899481301,2.19349166,3.143697106,0.294010359,1.244215805
-111.532292,33.569649,31.45505946,31.39419929,93.21859367,-0.060860166,61.76353421,23.03803242,21.55246269,21.70879881,-1.485569734,-1.329233607
-95.180265,36.231263,126.9275268,208.885286,211.9121641,81.95775921,84.98463733,17.78791365,19.0330939,25.79730988,1.245180253,8.009396232
-89.96057,43.865243,108.7066482,109.4395181,138.4078075,0.732869869,29.70115936,8.123490686,8.516247982,11.5514345,0.392757295,3.427943813
-120.072817,38.206297,248.0656425,251.4654614,327.4189122,3.399818892,79.35326966,13.93116007,14.77580593,15.56711414,0.84464586,1.635954069
-121.481218,39.539616,224.0146193,225.0974175,319.0581594,1.082798235,95.04354014,19.81953075,25.08921851,41.89719247,5.269687761,22.07766172
-83.845533,33.320084,126.1573627,123.9267521,121.6615885,-2.230610618,-4.495774248,4.099986992,9.858998234,17.22012749,5.759011242,13.1201405
-119.06875,39.460352,30.99124248,30.99660362,30.98345584,0.005361137,-0.007786644,12.5631794,12.6133189,12.61311972,0.050139501,0.049940316
-120.407324,39.061146,261.5693046,265.5635767,423.2308112,3.994272166,161.6615066,21.37056372,22.5592784,36.58504789,1.188714682,15.21448417
-79.001281,41.838806,214.2213334,213.8924074,223.3993552,-0.328926061,9.178021752,4.975639284,6.820035383,6.261968976,1.844396099,1.286329691
-71.492708,42.309469,223.202099,222.9075056,139.2846518,-0.294593395,-83.91744717,1.630994396,1.608768703,1.595317906,-0.022225693,-0.03567649
-114.028321,43.426524,100.6663765,100.4046399,98.84578206,-0.261736669,-1.820594464,5.814756981,13.1005998,22.06972318,7.285842817,16.2549662
-107.189253,33.156049,31.05377582,31.04953525,31.02957516,-0.004240567,-0.024200652,12.85785208,15.38183198,15.42575464,2.523979893,2.567902559
-94.106215,31.064744,272.8501325,326.9162835,537.5639718,54.06615109,264.7138394,36.44448239,31.9614416,45.90269238,-4.483040798,9.458209985
-86.478011,31.406467,132.5630817,130.6596485,163.3773763,-1.903433196,30.81429462,13.65414578,14.45892008,42.03933925,0.804774297,28.38519347
-114.138725,34.29867,31.21673522,31.17928114,49.78110823,-0.037454084,18.564373,23.63285844,23.6971286,23.74981612,0.064270166,0.11695768
-86.763542,40.782325,125.0610662,126.8214723,161.2083396,1.760406102,36.14727338,6.675701546,6.846968042,7.133770336,0.171266496,0.45806879
-71.689716,42.402072,182.0098693,182.0858334,118.6977538,0.075964107,-63.31211541,3.189126946,3.692738311,3.722800175,0.503611365,0.533673229
-114.735006,36.018191,148.8954931,150.480824,152.8850284,1.585330838,3.989535303,22.0678342,22.20138187,30.88126893,0.13354767,8.813434732
-108.571436,37.578215,341.7965459,279.3931349,297.1451501,-62.40341104,-44.65139577,19.62584924,21.93120487,26.8745569,2.305355632,7.248707658
-92.627083,38.20625,140.205578,141.4169604,230.0628229,1.211382352,89.85724489,7.1782006,7.170255737,9.140204068,-0.007944863,1.962003468
-85.93855,44.261933,206.7460956,190.2271488,188.1739128,-16.51894676,-18.57218276,2.67549537,1.531543281,1.491729391,-1.143952089,-1.183765979
-80.985417,35.339583,164.2574378,238.9796288,211.7315748,74.722191,47.474137,4.28119871,4.308903475,4.318069833,0.027704765,0.036871123
-75.105878,43.314575,250.7302998,179.2748742,124.8616655,-71.4554256,-125.8686342,1.697950017,1.606254733,1.327483135,-0.091695284,-0.370466882
-108.177221,43.414157,43.82916565,49.66077116,60.78174677,5.831605509,16.95258113,15.97607405,16.13367692,16.22114612,0.157602869,0.245072065
-119.985074,38.197774,80.96861261,130.5879727,133.10688,49.61936005,52.1382674,3.499975176,3.571637524,3.705819312,0.071662348,0.205844136
-120.106838,39.473759,133.8585221,140.2246477,148.3997738,6.366125603,14.54125166,19.76074482,21.30656928,29.19915376,1.54582446,9.438408931
-118.98095,47.954652,31.83314511,31.70241641,31.42212662,-0.130728692,-0.411018481,15.32035548,15.58588889,13.65008601,0.265533408,-1.670269465
-121.671875,41.022769,170.0211861,172.010205,173.0082473,1.989018873,2.987061227,3.70959265,4.080070501,4.28185292,0.370477851,0.57226027
-75.91875,43.548287,400.9358646,400.94143,401.0168087,0.005565365,0.080944075,3.001396794,2.9988863,2.993931036,-0.002510494,-0.007465758
-111.439583,33.550863,31.44760445,31.3826615,58.54790242,-0.064942955,27.10029797,14.50286388,21.26458287,21.44949811,6.761718987,6.946634232
-82.196875,33.662099,223.5884193,414.8888668,615.6135574,191.3004475,392.0251381,25.9915961,26.71663812,27.62287524,0.725042015,1.631279139
-98.380208,30.73233,58.05713163,90.87353068,95.69238704,32.81639905,37.63525541,13.79673354,20.93505041,21.41749168,7.138316873,7.620758144
-94.106928,44.089199,385.30763,360.9814061,338.5985467,-24.32622385,-46.70908326,2.640668906,1.938439049,1.770545488,-0.702229857,-0.870123417
-86.33435,33.424661,424.4400403,617.7304179,637.2027305,193.2903776,212.7626902,27.05745732,25.48794362,24.26861167,-1.569513706,-2.788845646
-92.238377,36.252069,231.1189701,234.6923629,236.9507237,3.573392765,5.831753531,9.120487382,9.637115046,10.09271487,0.516627664,0.972227485
-107.53435,38.451537,85.05479356,86.38043291,72.37068176,1.325639344,-12.6841118,12.53854372,17.75733483,22.10778033,5.218791109,9.569236609
-83.534322,35.96336,150.3881896,153.510448,151.2229852,3.122258399,0.834795591,10.55947314,10.84418138,14.72838041,0.284708244,4.168907278
-91.648475,39.526146,280.7724326,283.2545658,248.6008073,2.482133169,-32.17162529,20.12864479,21.15728432,26.99790207,1.028639523,6.869257281
-93.110417,34.216058,324.0174322,328.2738202,445.5404961,4.256388059,121.5230639,34.20860812,35.29292602,35.95758959,1.084317901,1.748981475
-93.502526,47.287092,440.4674667,409.8424516,357.9907415,-30.62501507,-82.47672518,2.424708955,2.079561204,1.77353242,-0.345147751,-0.651176535
-84.296716,35.882789,751.9561857,753.8090582,755.8404631,1.852872483,3.884277317,25.22218955,26.16796329,34.580983,0.945773742,9.358793448
-118.481266,35.648325,31.59988479,49.82535471,51.35847204,18.22546992,19.75858725,24.44138581,25.13291277,25.55761432,0.691526955,1.116228513
-121.156241,38.710426,140.5858342,145.2574647,208.0560562,4.671630484,67.47022198,16.96094327,22.52286441,22.79934078,5.561921145,5.838397513
-78.47212,38.102083,251.8899236,256.7127498,328.2213422,4.822826228,76.33141863,19.70868908,20.72706693,34.33055759,1.018377855,14.62186851
-119.702082,37.002085,31.7499724,56.24105754,91.85566176,24.49108513,60.10568936,20.68171972,21.26330065,21.7047142,0.581580936,1.022994483
-100.39797,44.456316,354.8180817,348.7175194,313.2300472,-6.100562267,-41.58803446,3.17337925,9.841569207,24.22897115,6.668189957,21.0555919
-104.766214,42.289933,31.30190947,31.2681614,31.20455369,-0.033748072,-0.097355783,12.55673573,12.66485356,14.03028153,0.108117828,1.473545796
-116.053057,44.523064,30.27865228,30.35246831,30.44504362,0.073816031,0.166391342,10.29979859,10.51564451,10.76312843,0.215845924,0.463329839
-121.281138,44.601372,31.48213325,55.32360132,57.81402795,23.84146807,26.3318947,23.39251098,24.42462706,23.48649298,1.03211608,0.093982005
-117.004901,32.692771,57.63731885,57.84692692,58.16815005,0.209608064,0.530831193,5.426175226,5.464815695,5.515649745,0.03864047,0.089474519
-81.321152,39.361522,219.5204961,221.6811266,232.8942998,2.160630488,13.37380373,18.50598205,23.99179901,25.25571398,5.485816955,6.749731931
-78.294784,36.59626,216.0982064,219.6002912,279.3246237,3.502084874,63.22641734,14.59876289,15.13020206,15.43064375,0.531439168,0.831880854
-84.66861,34.614583,425.5932327,434.4953793,653.4541069,8.902146596,227.8608742,34.36203254,23.72101519,23.33506282,-10.64101735,-11.02696972
-85.226742,35.102025,219.7738513,221.1164326,332.870007,1.342581303,113.0961557,5.406030479,5.44254641,11.23585974,0.036515931,5.829829262
-114.481181,32.90664,270.6770078,283.8734417,301.3199331,13.19643384,30.64292527,32.19185991,32.26963162,32.36638471,0.077771716,0.174524802
-119.264583,46.982823,31.42934737,31.3972787,31.2019741,-0.032068675,-0.227373274,16.54167029,16.939004,16.4256815,0.397333714,-0.115988789
-115.447429,43.36022,32.99568587,32.56506418,47.93869884,-0.430621685,14.94301297,12.95587156,13.18974664,18.44820103,0.233875084,5.492329473
-72.439492,42.614518,402.3693021,451.5979936,341.886722,49.22869148,-60.48258012,2.493118759,2.540457421,1.644321146,0.047338662,-0.848797612
-83.574447,44.476435,148.9768693,188.3988846,187.628924,39.42201528,38.65205464,3.267741363,3.183807791,3.098095701,-0.083933572,-0.169645662
-83.419678,34.76875,137.6968655,136.4592878,133.6505264,-1.237577709,-4.046339088,12.82717034,13.46101756,22.91876793,0.633847212,10.09159759
-88.218748,37.018747,264.2265363,263.9041576,263.8694344,-0.322378706,-0.357101967,2.953064212,3.07586544,6.840851439,0.122801228,3.887787227
-121.082393,37.067455,147.7123548,148.9666215,396.5342825,1.254266717,248.8219277,24.85613097,27.04585037,27.42756255,2.1897194,2.571431582
-88.194422,45.282076,475.6244445,475.8415365,478.6795731,0.217091983,3.055128563,2.495747543,2.490838246,2.255341911,-0.004909297,-0.240405633
-111.885127,46.760509,31.33714735,31.35007064,31.2414412,0.012923288,-0.095706145,8.09232447,8.169056983,8.248095666,0.076732513,0.155771196
-101.432292,47.50613,419.2524553,423.8712807,286.6483406,4.618825453,-132.6041147,9.988276478,19.63664061,23.46718352,9.648364129,13.47890704
-106.853706,42.46391,30.9165831,30.9225496,30.93821851,0.005966496,0.021635402,11.52492886,11.58268043,11.67371886,0.057751577,0.148790002
-79.879,34.983522,127.3218763,123.9841561,121.6211923,-3.337720235,-5.700683974,4.116218292,9.815910819,17.14188946,5.699692526,13.02567116
-109.765554,45.224283,30.61584456,30.61172977,30.64103162,-0.004114785,0.025187064,11.85150587,11.93817077,12.08862316,0.086664901,0.237117292
-98.19971,29.871728,215.8754334,217.0701524,819.0924386,1.19471905,603.2170052,29.90546212,28.78310054,49.43224713,-1.122361576,19.52678501
-120.522863,37.948664,515.3265718,553.3407101,671.6149113,38.0141383,156.2883395,33.4244025,34.85053313,30.48298181,1.426130628,-2.941420691
-88.237987,46.161523,120.9472381,112.1385909,100.5417312,-8.808647184,-20.40550694,5.510903911,5.699050695,3.755266809,0.188146784,-1.755637102
-86.39202,34.421538,150.0805623,216.5573106,232.0071024,66.47674832,81.92654009,10.58837266,10.78898583,14.79731804,0.200613174,4.208945383
-91.071875,45.891129,93.05430172,92.01160472,148.1324919,-1.042697001,55.07819021,5.954330948,5.913820219,3.972453704,-0.04051073,-1.981877244
-97.370431,31.869948,93.99253242,98.31381064,102.1701825,4.321278223,8.177650039,21.71632838,22.18282027,22.44580258,0.466491888,0.7294742
-84.780208,35.623945,249.9877952,249.5098102,249.3898396,-0.477985026,-0.597955629,47.28089131,47.85215959,48.71454738,0.571268287,1.433656069
-106.42863,36.237769,88.82627799,89.33766189,82.63835393,0.511383905,-6.187924056,23.20801574,22.0481206,22.20078102,-1.159895143,-1.007234715
-105.164661,40.589614,31.98898776,31.7604161,31.49823067,-0.228571653,-0.490757085,14.93981952,15.4791349,21.49758864,0.539315372,6.557769116
-70.993684,44.947978,456.9555626,309.4834712,297.0379281,-147.4720914,-159.9176345,1.79619975,1.650182893,1.547279636,-0.146016857,-0.248920113
-109.186819,44.500233,31.20697311,31.30321482,31.27583086,0.096241705,0.068857748,8.56502649,8.590859382,8.664735273,0.025832892,0.099708783
-74.559375,44.230912,400.1181833,400.1116848,400.3091355,-0.006498553,0.190952147,3.046887651,3.042268448,3.032604019,-0.004619203,-0.014283632
-106.060416,39.61875,31.36119376,31.40349066,31.37210206,0.042296904,0.010908302,15.73758794,16.75563034,23.28379834,1.018042399,7.546210397
-121.047917,37.09375,52.27576126,88.0251475,335.8081915,35.74938624,283.5324303,25.66401667,25.93993663,26.075882,0.275919957,0.411865328
-119.001457,36.418267,77.23778964,79.17659953,80.17975137,1.938809892,2.941961736,26.14165534,26.71350807,33.01605527,0.571852734,6.874399936
-83.339583,34.685749,141.9638662,140.2827755,136.91646,-1.681090652,-5.047406198,12.17348467,12.93140958,39.23049671,0.757924904,27.05701204
-86.276254,35.197234,445.8671644,453.9701915,627.8786322,8.103027152,182.0114679,20.70401127,20.71968658,24.07429256,0.015675304,3.370281285
-90.722883,44.41455,145.3696161,146.4004409,186.0651902,1.030824755,40.69557404,3.435820613,3.355136008,3.256053192,-0.080684605,-0.179767421
-101.052143,29.452444,266.6946971,288.5040228,316.3491695,21.80932561,49.65447238,33.11737806,33.11727107,33.06960764,-0.000106991,-0.047770425
-77.81194,36.496863,189.8334017,240.4463224,415.006601,50.61292072,225.1731993,28.98645233,27.06523805,35.18210171,-1.921214288,6.195649377
-72.895372,42.126267,221.2920162,219.8053171,219.4370045,-1.48669902,-1.855011623,1.413477632,1.368555306,1.729344062,-0.044922326,0.31586643
-111.202028,43.330514,63.49715517,66.96784457,69.34912957,3.470689391,5.851974393,5.983993172,6.075315022,11.56474144,0.09132185,5.580748267
-111.496207,44.078935,30.65174048,30.68669776,33.42688306,0.034957281,2.775142578,7.980712623,8.050918178,8.15982857,0.070205555,0.179115947
-96.969792,33.069896,97.40455115,102.3770266,106.6323067,4.972475462,9.227755556,27.41993597,28.17110695,28.9241979,0.751170975,1.504261924
-100.780585,41.050214,47.09724711,48.70527354,50.56645406,1.608026429,3.469206945,6.348192876,7.971049633,9.80803139,1.622856758,3.459838514
-104.961993,38.974701,116.3326529,114.9747792,108.9407019,-1.357873716,-7.391950925,8.623991362,19.19206942,21.81093464,10.56807805,13.18694328
-121.739583,48.553012,117.8023439,112.3607821,110.8568216,-5.441561771,-6.945522322,4.88205794,5.708639203,6.283583135,0.826581263,1.401525195
-98.340775,30.56016,56.72899312,79.66087371,84.07046142,22.93188059,27.3414683,21.95138757,22.26392205,22.39593349,0.312534483,0.444545924
-122.339583,39.814583,58.91900517,60.60263936,435.5421035,1.683634184,376.6230983,26.66515079,26.74509737,26.56256572,0.079946581,-0.102585069
-86.658869,36.29189,269.8999475,271.0473748,412.0075401,1.147427335,142.1075926,18.08191431,18.72268176,18.80679553,0.640767454,0.724881222
-105.214853,40.326941,32.71797717,32.37917651,57.18735255,-0.338800665,24.46937537,14.95050402,17.52126006,21.94177878,2.570756035,6.991274755
-88.268652,37.010296,261.5310313,261.2030206,261.1870846,-0.328010783,-0.343946719,16.06525536,16.74314976,17.76152139,0.6778944,1.696266032
-80.952083,35.435689,192.2428766,194.7909157,433.2517318,2.548039118,241.0088553,23.07872019,29.23524785,37.90902591,6.156527664,14.83030572
-89.652083,44.66875,96.44982833,97.82385586,98.63136926,1.374027529,2.181540929,8.480559127,10.09466534,11.31278578,1.614106217,2.832226654
-107.609481,36.801492,96.9927148,130.9003562,104.4796771,33.90764142,7.48696226,21.59093525,22.15474057,25.20602504,0.563805322,3.61508979
-82.600552,34.025484,442.3328261,450.0446987,486.7899232,7.711872543,44.45709711,48.80145743,53.21476888,46.29090503,4.413311451,-2.510552403
-114.572791,35.20227,98.35165883,99.41602209,266.1619229,1.064363255,167.810264,25.21975772,25.23135877,25.18335003,0.011601048,-0.036407687
-71.117383,44.788048,317.7462963,311.1429199,304.6521433,-6.603376433,-13.09415302,1.796879677,1.73648693,1.678307839,-0.060392747,-0.118571837
-71.460722,43.552982,334.5012094,326.1112763,236.2389109,-8.389933101,-98.26229848,0.886375374,0.746140477,0.748856085,-0.140234896,-0.137519288
-85.81875,44.36875,90.28907885,132.0093612,131.0110031,41.72028239,40.72192429,3.492366162,3.749047313,3.737920692,0.256681151,0.24555453
-122.760687,40.802949,220.6585252,225.8779175,227.7497742,5.219392237,7.091249006,22.60731025,36.41550353,37.60601554,13.80819328,14.99870529
-106.814496,39.364977,53.30999963,54.51237093,101.2008224,1.202371295,47.89082281,13.06287564,13.36934758,21.36683578,0.30647194,8.303960136
-119.216391,37.233163,231.6865015,230.986459,230.1221444,-0.700042583,-1.564357179,3.690739558,3.699239225,3.739564847,0.008499667,0.048825289
-120.600783,37.623489,56.96387159,57.55904179,73.33017849,0.595170202,16.36630689,9.757684825,9.877684726,10.03346034,0.119999901,0.275775513
-94.17438,30.799546,268.7571366,270.1846306,264.9165328,1.427493988,-3.840603791,24.204639,23.0769203,22.71453988,-1.127718704,-1.490099121
-122.587665,46.503741,272.5434756,282.3944472,229.4113176,9.850971603,-43.13215803,2.574476159,2.841115008,3.342261586,0.266638848,0.767785427
-86.435417,43.890828,356.6111769,344.3050334,338.9867526,-12.30614358,-17.62442429,24.58237436,38.68464097,41.22037056,14.10226661,16.6379962
-87.623433,34.79871,206.8546544,207.6156987,429.5999725,0.761044382,222.7453181,4.09343889,4.133962823,4.16796301,0.040523933,0.07452412
-117.948226,36.139904,31.14927486,31.13797246,31.10356655,-0.011302396,-0.04570831,12.56196857,13.92322748,13.97659246,1.361258917,1.414623894
-98.415803,30.757588,58.11899244,59.6804877,95.13517087,1.561495254,37.01617842,13.97747609,21.07616547,21.52327604,7.098689377,7.545799948
-71.654894,43.453369,221.8184167,220.1146967,219.6581238,-1.703719998,-2.16029293,1.559855071,1.495227553,1.476157173,-0.064627518,-0.083697898
-73.426537,43.83084,345.0042372,340.3535383,120.5844935,-4.650698922,-224.4197437,2.814442135,2.757256281,1.902282143,-0.057185855,-0.912159993
-112.273803,33.849176,748.7246619,768.312879,791.0138112,19.58821712,42.28914933,31.8236893,34.77545578,35.21839932,2.951766476,3.394710021
-111.156236,33.677097,31.45861562,31.36998802,58.47040043,-0.088627596,27.01178482,10.84483655,10.87035209,10.85906888,0.025515534,0.014232323
-116.951042,47.705243,116.301761,116.7871444,117.2429516,0.485383395,0.941190612,3.267001436,3.243350095,3.999751012,-0.023651341,0.732749577
-77.711209,38.018816,255.7058618,258.1102429,435.4105505,2.404381163,179.7046888,20.60964938,28.57953957,35.58251285,7.969890192,14.97286347
-93.76875,37.689583,221.4557224,224.5955362,250.8977565,3.139813822,29.44203404,19.44268792,24.50504385,24.91351946,5.062355929,5.470831544
-87.567708,46.565274,112.6813953,138.1889346,134.2013037,25.50753932,21.51990839,3.238641186,3.088559228,1.792698006,-0.150081958,-1.445943179
-87.380231,34.806299,153.4767211,155.6090185,234.4167207,2.132297427,80.93999961,10.70067271,10.92474807,11.0301502,0.224075367,0.329477495
-85.192847,32.924552,443.5677229,452.5972382,568.7228608,9.029515213,125.1551379,36.12908313,36.71636747,39.78858507,0.587284337,3.659501943
-81.910108,34.173577,148.3932681,150.1720991,232.4888683,1.778831034,84.09560024,14.31418581,24.52860429,25.58484733,10.21441848,11.27066152
-69.791356,44.219557,271.4204325,268.5916848,195.5661045,-2.828747712,-75.85432802,1.881466663,1.848077682,1.819888861,-0.033388982,-0.061577802
-120.875419,37.86321,85.79383618,86.28972432,86.4493007,0.495888137,0.655464517,3.743406858,3.808833298,3.946387183,0.06542644,0.202980325
-107.572064,37.377799,52.91084229,54.94098873,57.03686531,2.030146442,4.126023019,9.465581741,9.654115471,12.15892385,0.188533729,2.693342113
-71.531012,43.481311,369.273462,365.6031914,365.1603255,-3.670270663,-4.113136576,1.140997892,1.117200172,1.092335375,-0.02379772,-0.048662517
-111.102097,48.322931,92.61386203,92.59571526,93.81673593,-0.018146765,1.202873905,17.60694665,21.78416485,22.26143475,4.177218194,4.654488099
-118.827083,34.239583,374.912452,397.9434451,437.9481961,23.03099306,63.03574405,33.22063823,29.25667831,29.5027077,-3.963959922,-3.717930527
-120.024027,47.839731,32.18458953,31.98342523,31.618692,-0.201164298,-0.565897528,9.37252927,13.63650361,13.68276846,4.263974336,4.310239189
-106.727083,42.543117,31.18272576,31.18037783,31.14975754,-0.00234793,-0.032968214,15.37534893,15.55002566,15.66478534,0.17467673,0.289436409
-83.557739,42.205833,72.2968377,129.6203868,191.4315139,57.32354908,119.1346762,6.438348137,6.675104341,7.073671791,0.236756204,0.635323654
-100.403511,40.958721,33.33520474,32.58796698,44.5064516,-0.747237759,11.17124686,10.23220315,12.54045344,13.15351654,2.308250289,2.921313386
-121.811463,42.238815,31.940391,48.56236232,49.55935955,16.62197132,17.61896855,5.996034411,7.46865126,7.614147756,1.47261685,1.618113345
-73.667318,41.361048,271.2986485,270.3996821,122.3984956,-0.898966337,-148.9001529,1.449649297,1.434378487,1.445235973,-0.01527081,-0.004413325
-95.104519,36.256308,229.254464,233.0250705,235.6774009,3.77060649,6.42293698,18.97995507,20.12941179,19.76075498,1.149456719,0.780799911
-95.037008,35.595392,146.9813975,230.6762988,234.5454036,83.69490134,87.56400616,14.07068179,15.0891791,15.96977894,1.018497313,1.89909715
-72.340877,42.286673,270.0741287,270.0493397,265.9378443,-0.024788983,-4.136284333,2.16586102,2.151038109,2.131493802,-0.014822911,-0.034367218
-93.566547,31.174682,435.0215077,628.8078021,652.4192701,193.7862944,217.3977624,12.53140711,19.80376388,22.44252111,7.272356773,9.911113995
-104.727382,38.272917,169.2378312,169.6459568,208.620301,0.408125636,39.38246976,23.67296107,29.47715652,25.99014668,5.804195452,2.317185612
-74.423966,42.44126,203.0858392,203.5880011,204.7289896,0.502161922,1.643150402,11.46132689,17.76011917,22.72264841,6.298792288,11.26132152
-122.100254,46.465662,399.5107511,544.4617573,528.1241805,144.9510063,128.6134294,17.4165462,17.20612224,15.12227784,-0.210423957,-2.294268361
-88.207351,45.991418,120.6433569,123.6097298,108.2625162,2.966372836,-12.3808408,5.362390632,6.089944888,8.088807027,0.727554256,2.726416395
-69.724376,44.540291,426.9895694,431.0815552,390.5454265,4.091985816,-36.44414281,2.545047134,5.6790306,7.438358698,3.133983466,4.893311563
-96.573487,33.822946,92.70879013,135.9073573,141.9527084,43.19856716,49.24391828,12.47422336,12.96794247,20.59834763,0.493719112,8.124124268
-105.856013,40.139748,111.9035496,115.1152267,121.1696807,3.211677058,9.266131126,1.542255595,1.582503257,2.750187538,0.040247663,1.207931943
-118.481293,34.29787,226.1122697,226.1397895,226.8851172,0.027519778,0.772847517,6.510626075,6.507454169,6.51509929,-0.003171906,0.004473216
-70.763478,45.110675,271.9459199,121.3714915,156.4608849,-150.5744284,-115.485035,1.705865713,1.523505025,1.421166565,-0.182360688,-0.284699148
-104.953299,42.48023,31.33597142,31.31654932,31.22867026,-0.019422094,-0.107301154,17.47362353,18.19953612,22.49202327,0.725912597,5.018399746
-117.126268,33.0464,58.03952821,58.49063252,92.45498413,0.451104315,34.41545592,9.868942606,9.975804451,10.11362351,0.106861845,0.244680905
-117.182292,33.844532,286.0150211,312.8993013,348.7902514,26.88428022,62.77523037,27.79904954,33.64804522,33.63430476,5.848995684,5.835255222
-70.984574,43.416465,185.4460473,184.9128423,184.1082415,-0.533204996,-1.337805853,1.854478093,1.798081519,1.732972671,-0.056396575,-0.121505422
-113.278141,46.208565,47.50174764,78.40955521,80.61396505,30.90780757,33.11221741,5.899055192,5.860764654,5.879330847,-0.038290538,-0.019724345
-74.219881,41.9397,279.5999608,221.2091632,222.4933301,-58.39079766,-57.10663075,1.075274328,1.56028503,1.547706413,0.485010701,0.472432084
-79.999023,33.240867,411.2833181,834.8300217,848.5043901,423.5467037,437.221072,11.70348394,11.7883912,14.1217895,0.084907251,2.418305553
-85.290845,34.366134,455.27408,458.4577325,580.0068108,3.183652455,124.7327307,52.57101732,45.63696365,52.71995407,-6.934053668,0.148936751
-121.067305,48.732466,288.3349226,245.3386797,255.0978806,-42.99624288,-33.23704199,0.366479621,0.743215881,0.884455659,0.376736259,0.517976037
-119.149704,37.750456,30.8526085,30.87798788,30.89407211,0.025379379,0.041463615,11.64751332,12.9650863,13.17465441,1.317572979,1.527141088
-72.486458,42.769515,318.5098041,314.0277128,196.0144449,-4.482091221,-122.4953592,1.545833549,1.50302674,1.490684774,-0.04280681,-0.055148775
-83.942959,31.853135,520.5410509,523.0266914,527.5662645,2.485640454,7.025213542,9.432836919,36.38818588,51.27777848,26.95534896,41.84494156
-121.13032,48.714583,302.1328106,257.820624,271.8174055,-44.3121866,-30.31540519,0.422445653,0.416510617,0.465854704,-0.005935036,0.043409051
-113.382203,37.185529,142.9083763,494.7598788,527.8449169,351.8515025,384.9365407,31.65968007,31.90130132,26.3761609,0.241621255,-5.283519169
-116.052083,43.526359,54.39819086,54.28084731,49.79278899,-0.117343548,-4.605401863,25.59452235,26.66970271,28.29464394,1.075180358,2.700121593
-121.201337,39.897279,191.6847774,193.9933321,196.3818708,2.308554688,4.697093339,4.643972259,4.808118169,5.003358286,0.16414591,0.359386027
-121.626157,39.515671,246.5486086,245.6888715,245.3844107,-0.859737115,-1.16419798,2.854333736,3.004997055,3.152966076,0.150663319,0.29863234
-101.67338,41.214586,31.60602013,31.48877397,31.30873009,-0.117246158,-0.297290034,12.89351758,13.1531433,14.48213315,0.259625721,1.588615572
-74.74375,44.434239,379.308025,364.3095943,288.4665442,-14.99843071,-90.84148079,0.843523623,0.808454271,0.71311564,-0.035069352,-0.130407983
-72.768184,41.340892,180.8198342,180.6765596,129.4622253,-0.14327458,-51.35760888,1.465858471,1.456748863,1.90425111,-0.009109608,0.438392638
0.843679,40.677414,47.50795549,50.92559712,82.47549793,3.417641627,34.96754244,11.43142763,18.82144046,19.23812879,7.390012827,7.806701156
-73.583897,42.867651,143.4338161,184.0724562,183.970699,40.63864009,40.5368829,3.237370276,3.180496204,3.665815789,-0.056874072,0.428445513
-105.486458,39.965712,47.091536,48.10098823,83.04871598,1.009452231,35.95717998,5.811257902,5.780888351,3.075621343,-0.030369551,-2.735636559
-111.660501,45.447866,30.5782411,30.61831215,30.65713349,0.040071054,0.07889239,8.036696329,8.09539406,8.17138662,0.058697731,0.134690292
-70.456968,43.831465,270.5813573,268.0914329,120.7551724,-2.489924383,-149.8261849,1.957780979,1.924854894,1.895782954,-0.032926084,-0.061998025
-71.738564,43.620152,313.3888986,312.107378,183.0999981,-1.281520631,-130.2889006,1.776072605,1.762429029,1.745381871,-0.013643575,-0.030690734
-84.47565,45.625516,305.9526476,303.4119515,300.3127328,-2.540696064,-5.639914728,2.135348919,2.00787189,1.845197605,-0.127477029,-0.290151314
-79.807292,38.198959,428.3372645,482.1138476,510.0537745,53.77658315,81.71651,17.58471913,18.39356149,12.36775218,0.80884236,-5.216966946
-76.539855,42.901407,216.1350469,220.1886691,225.1133269,4.05362222,8.978279961,18.16240495,19.49867532,26.71650218,1.336270376,8.554097238
-108.760417,43.195527,30.77656143,30.81526701,30.84217051,0.03870558,0.065609079,12.24794613,12.38933032,12.52297086,0.141384184,0.275024726