Model,model_present_ch4_diff,model_ch4
ssp585,-51.16135988,14.67104302
ssp585,5.244009935,22.55733703
ssp585,167.1760555,1316.085296
ssp585,650.1361593,676.0673774
ssp585,-0.898450836,2.883899844
ssp585,-63.3336714,25.4971491
ssp585,-0.077240735,3.655872305
ssp585,91.07363396,193.708989
ssp585,-0.332377787,2.689244543
ssp585,7.193103582,19.79828498
ssp585,-1.043630155,3.259882905
ssp585,276.5671675,2477.207048
ssp585,4462.488476,5031.421919
ssp585,3.405697071,3.996612481
ssp585,3.542915363,21.37545616
ssp585,0.835926207,1.569241267
ssp585,916.7740322,1453.706974
ssp585,-3.13339773,15.63255697
ssp585,9.751957504,127.5718025
ssp585,1209.304883,1816.731083
ssp585,189.8798839,1485.854234
ssp585,15.77580406,44.47020996
ssp585,693.602542,1167.424277
ssp585,1182.729576,1756.810345
ssp585,126.5062245,690.6724465
ssp585,1258.71654,3378.90474
ssp585,9.30130483,10.27288478
ssp585,8.950855891,89.44010399
ssp585,-296.9538676,1765.168672
ssp585,1.855231837,3.729344217
ssp585,-0.268547452,2.406454078
ssp585,4.027753914,26.51775671
ssp585,43.17574604,121.5828167
ssp585,9.119968536,99.97149624
ssp585,1188.877345,1673.934405
ssp585,-2.208561689,2.022121731
ssp585,106.3128206,214.5993776
ssp585,19.11984387,83.80913017
ssp585,74.83945037,95.90368267
ssp585,180.3276129,215.9398954
ssp585,1440.279945,1942.101254
ssp585,-847.276856,943.006864
ssp585,3752.136834,3873.66524
ssp585,8.708681036,98.91608724
ssp585,-0.327858745,2.391486985
ssp585,171.0329999,197.6712779
ssp585,2503.068051,3743.175861
ssp585,3.378421306,20.19724451
ssp585,-51.41422619,29.90365411
ssp585,-1.082342027,2.457612063
ssp585,329.3493485,1925.492369
ssp585,593.4567331,1633.928003
ssp585,5.572072294,21.97988089
ssp585,22.71117245,45.22187665
ssp585,1200.969286,1784.536262
ssp585,3.244961463,18.67524976
ssp585,91.41129925,183.7227604
ssp585,-0.799806988,3.141219622
ssp585,-1.254335426,11.57547457
ssp585,-810.4624655,1455.228774
ssp585,162.1931618,271.4488038
ssp585,291.8058485,318.5253919
ssp585,199.7828502,388.2812282
ssp585,-243.9295612,74.35829076
ssp585,93.54572002,1180.04296
ssp585,376.8026419,521.1144719
ssp585,1.323465227,7.017558427
ssp585,207.2207066,380.3795006
ssp585,93.8063024,377.4203264
ssp585,-0.32087972,2.51063051
ssp585,14.79352218,16.08790234
ssp585,2.36618183,11.31938885
ssp585,-0.317717299,27.4691312
ssp585,27.77976844,91.28162424
ssp585,1.077002781,4.923988101
ssp585,22.80207242,47.61515872
ssp585,5491.615136,9458.484826
ssp585,-0.623551294,3.405047386
ssp585,927.1919731,1255.122901
ssp585,-3.221766013,4.682015577
ssp585,99.39341893,215.2078079
ssp585,3787.429386,4748.844344
ssp585,404.4939932,2320.901873
ssp585,-4.722671019,12.97954878
ssp585,4.766395197,20.097486
ssp585,38.41320008,83.06660168
ssp585,-0.284166153,0.530483957
ssp585,1089.660877,2716.445107
ssp585,23.38802816,74.78901996
ssp585,-55.60929221,12.68622019
ssp585,177.4340733,249.2826023
ssp585,-103.2319894,743.2900066
ssp585,1296.629097,2224.026042
ssp585,31.01784166,270.5734527
ssp585,157.5246368,194.4255391
ssp585,347.8541336,406.4476415
ssp585,-2.296995533,13.97122617
ssp585,186.9606,219.8386987
ssp585,76.68162241,179.8532694
ssp585,1.342917798,3.848614698
ssp585,623.1546376,1481.546236
ssp585,207.8339877,253.4282961
ssp585,760.7736166,1732.780852
ssp585,0.465249817,4.800513597
ssp585,-3.811952654,7.810419846
ssp585,-2312.215013,1674.023427
ssp585,1341.378014,1489.946823
ssp585,-8.330867985,3.174388615
ssp585,557.2712691,2354.284129
ssp585,0.875983938,2.697233468
ssp585,0.825434339,3.580581039
ssp585,448.1335727,672.6789627
ssp585,-1.48181681,2.88707113
ssp585,34.61015422,38.61266294
ssp585,-0.014546024,0.660849346
ssp585,285.1438712,630.5042172
ssp585,505.4963551,708.0854261
ssp585,-1.202024214,2.691748536
ssp585,1066.649303,2054.609591
ssp585,1020.79838,2043.24372
ssp585,-80.35574371,1066.676826
ssp585,1.977305435,30.41351223
ssp585,1.890922332,2.207252492
ssp585,0.057606069,0.523708969
ssp585,924.5397656,1412.54081
ssp585,5.929774086,10.92360332
ssp585,875.3382708,1867.214591
ssp585,1280.706561,1295.814222
ssp585,4.42034043,6.3280527
ssp585,2524.973919,4158.990829
ssp585,503.1048697,1712.18156
ssp585,152.0378155,554.2735255
ssp585,68.81592632,80.95607792
ssp585,80.64157204,92.80534334
ssp585,9929.397797,15742.94063
ssp585,1519.842861,1764.165736
ssp585,110.2534831,1235.950803
ssp585,-6.206330395,5.138541905
ssp585,12.69779161,96.56208951
ssp585,18.88632689,409.1870879
ssp585,642.4714788,2196.883159
ssp585,-2.491846774,0.558585816
ssp585,3.143960552,5.591966192
ssp585,24.15877609,87.95099739
ssp585,616.3614435,999.1479395
ssp585,-11.04342203,4.616415468
ssp585,-0.519660566,2.630886934
ssp585,7.44803619,9.17556882
ssp585,-0.310929835,30.78098507
ssp585,10.22449121,238.3890022
ssp585,94.93456725,1245.376247
ssp585,2.526234944,26.42817164
ssp585,-55.63751161,615.3295254
ssp585,8.442586784,99.41939788
ssp585,-0.352875059,2.787900431
ssp585,162.0307816,202.3474556
ssp585,49.20380735,119.9960152
ssp585,51.8448579,1205.952408
ssp585,41.14255714,127.7587974
ssp585,2053.077615,5721.853295
ssp585,1581.963342,2247.132266
ssp585,-0.061667541,8.760591459
ssp585,139.7162855,177.5037746
ssp585,-221.3726294,1592.515601
ssp585,461.9730253,1563.826635
ssp585,-0.469862556,2.861136584
ssp585,1200.019004,1343.639927
ssp585,174.538635,202.4132773
ssp585,-311.3290067,33753.23089
ssp585,850.3629015,989.3107585
ssp585,-34.1725628,17.6691791
ssp585,705.5327441,1021.989367
ssp585,-166.7959761,318.9198059
ssp585,382.3572177,968.9075827
ssp585,-0.837980658,3.524057802
ssp585,764.8180902,813.0596915
ssp585,1545.546713,2855.483533
ssp585,650.6701181,2558.164938
ssp585,197.6708545,825.3557085
ssp585,-4.879639615,1.739845805
ssp585,-6.589455371,2.376465859
ssp585,1382.571351,2005.867104
ssp585,313.2428259,1623.557616
ssp585,-0.587889041,3.179742269
ssp585,6.703549842,103.2116975
ssp585,156.7933599,170.8445648
ssp585,-0.383664684,1140.076795
ssp585,114.5573753,240.4497283
ssp585,2264.912572,3691.039142
ssp585,2.561356247,5.280902777
ssp585,-0.000503752,1.189874508
ssp585,-0.352035914,2.638640296
ssp585,6287.37385,6521.660983
ssp585,-65.1729478,414.5156262
ssp585,-0.120164886,1.040955464
ssp585,1292.635981,2370.262631
ssp585,-71.70710926,483.9923397
ssp585,22.22973256,24.63176271
ssp585,1.630199924,3.662387614
ssp585,-101.8196892,422.9861938
ssp585,37.99245764,119.6005557
ssp585,281.6585485,576.4650765
ssp585,48.1131956,113.3304443
ssp585,255.6967196,298.5744122
ssp585,5.805641992,120.003634
ssp585,6.367831494,118.4387775
ssp585,-0.051780417,1.687844713
ssp585,-0.757488193,2.796405037
ssp585,701.8612036,1605.062738
ssp585,126.6719742,490.1537642
ssp585,-0.543701064,0.523365636
ssp585,97.05609809,460.0171751
ssp585,120.929045,131.7990377
ssp585,12.37649187,23.15514057
ssp585,102.1827061,210.3603171
ssp585,25.3381052,87.1752741
ssp585,33.45699554,225.2622435
ssp585,33.13655772,450.0532477
ssp585,18.5184406,85.1303555
ssp585,2.398196904,4.220175414
ssp585,44.5383506,52.69145167
ssp585,0.203260202,0.898117622
ssp585,110.9945486,409.6854046
ssp585,5733.048703,6854.400363
ssp585,0.619355471,20.38346907
ssp585,22.69467462,105.8585048
ssp585,32.99819259,37.27507151
ssp585,54.23087048,121.3275433
ssp585,1494.221762,3584.222682
ssp585,467.3537701,1242.851394
ssp585,3.38345155,145.7575625
ssp585,320.5995717,361.8950731
ssp585,901.680146,2654.207896
ssp585,1014.467367,1234.414778
ssp585,-0.289906088,2.095270202
ssp585,918.7835327,1358.284517
ssp585,963.2514437,2388.353924
ssp585,-19.43190285,1282.547597
ssp585,26.20519578,96.15938228
ssp585,-0.630433749,4.343569831
ssp585,1835.09299,2115.586278
ssp585,1441.125616,2173.459468
ssp585,4.063247909,123.9521289
ssp585,268.7512533,569.0410813
ssp585,-74.93595573,1095.299554
ssp585,8282.488282,14895.93963
ssp585,26.94034911,245.4675091
ssp585,3565.000656,5073.770896
ssp585,1.228540806,1.819358046
ssp585,137.3944714,154.0702732
ssp585,-2282.084677,1762.815793
ssp585,-569.6827843,2144.167196
ssp585,4.811041739,118.8587727
ssp585,5234.694163,6787.361483
ssp585,142.2225655,1207.273115
ssp585,96.20055413,102.9882705
ssp585,0.082694938,308.7226299
ssp585,-651.614094,30186.04151
ssp585,978.5884013,2397.159391
ssp585,0.657018334,6.410489494
ssp585,141.7077054,183.9269727
ssp585,-27.03740697,273.124341
ssp585,3358.778424,3946.445965
ssp585,252.4780408,3393.459491
ssp585,260.4573118,949.0715108
ssp585,2371.195246,3925.741336
ssp585,810.2487805,1258.179011
ssp585,1.38774248,22.46260408
ssp585,939.1164265,1112.56469
ssp585,-1062.114341,788.3627792
ssp585,21.04704379,33.59080429
ssp585,96.57651125,456.8083883
ssp585,46.19204596,189.425432
ssp585,322.9957295,498.5625825
ssp585,-0.894093612,14.24855249
ssp585,516.1801363,2262.474446
ssp585,11.9567023,14.26083505
ssp585,851.9300688,1418.973407
ssp585,1021.698099,2095.149349
ssp585,552.5479573,817.8343123
ssp585,-0.416488291,4.419691079
ssp585,2.158198469,6.438600529
ssp585,2708.803144,3851.671844
ssp585,111.6932578,363.3841338
ssp585,169.0273534,212.4368321
ssp585,68.89841867,172.3982717
ssp585,1078.889214,3048.210234
ssp585,675.1274986,1499.386606
ssp585,-0.772310218,3.120087082
ssp585,153.4594033,164.8069388
ssp585,4.329120833,7.997027453
ssp585,1327.600729,1556.223744
ssp585,14.93072524,19.95036907
ssp585,1.877447766,4.295349236
ssp585,923.9768776,1549.331361
ssp585,891.0058124,2249.022062
ssp585,-0.134277215,2.242231495
ssp585,358.5939195,498.3033585
ssp585,1418.840675,1431.995038
ssp585,137.1541389,609.6574369
ssp585,-525.4765818,3077.966248
ssp585,313.3397412,1217.994937
ssp585,116.4263458,391.3067778
ssp585,408.956179,1025.991793
ssp585,-66.01222094,419.4269151
ssp585,-3.245182158,13.38192204
ssp585,796.6714328,6415.797313
ssp585,5.037864589,125.3612066
ssp585,263.0912828,1716.981633
ssp585,22.0713582,87.5727881
ssp585,1473.147692,3385.490482
ssp585,-0.971374575,3.175787725
ssp585,-0.727095336,2.587028804
ssp585,31.22460971,40.34658378
ssp585,810.286708,2319.866708
ssp585,24.56251534,95.13605024
ssp585,135.7080675,313.1364085
ssp585,-391.1381861,1417.513174
ssp585,2437.249465,3379.888011
ssp585,351.263093,1368.871763
ssp585,22.41989412,213.9529361
ssp585,558.7166689,1120.4024
ssp585,-9.588347674,3.440972326
ssp585,134.3881317,196.8106994
ssp585,-1.613495669,2.425960561
ssp585,9.595458794,13.97653542
ssp585,-175.3813186,1195.962751
ssp585,1023.390688,1779.386201
ssp585,155.3927753,279.7754663
ssp585,125.4563118,556.1098928
ssp585,4465.473162,5435.24117
ssp585,675.8205001,701.5827507
ssp585,3.115021901,342.5606859
ssp585,2824.278016,3977.769646
ssp585,28.08127848,68.31163318
ssp585,-0.153150176,2.931386144
ssp585,1184.646456,1242.243341
ssp585,186.4918428,544.5509148
ssp585,2764.263217,6706.929987
ssp585,5066.605057,5477.795674
ssp585,16.62510607,1470.871686
ssp585,13.06887648,92.22313758
ssp585,6.182916166,20.62890237
ssp585,1450.464921,2692.463451
ssp585,1007.064055,1955.149624
ssp585,69.63486486,163.1859305
ssp585,-7.129759778,2.511516942
ssp585,0.56754593,29.02742453
ssp585,-1.464004952,1.919927238
ssp585,21.059871,611.386306
ssp585,2.51688807,20.41288417
ssp585,1403.523355,2366.68102
ssp585,-125.1125348,410.9091602
ssp585,8.009118701,28.4698934
ssp585,-0.071835664,12.49071364
ssp585,690.8860659,1163.325498
ssp585,272.3893866,2082.784047
ssp585,738.1871462,1159.332355
ssp585,-5.628366889,3.726384671
ssp585,-440.0155244,1545.908606
ssp585,42.65179981,205.0283248
ssp585,909.2663778,1247.181321
ssp585,262.0045804,489.5265744
ssp585,970.9248657,1975.873616
ssp585,414.6103889,3822.435599
ssp585,-3.945321092,3.740875678
ssp585,1804.479652,3493.847192
ssp585,170.1796085,1741.547358
ssp585,661.3429172,1338.849073
ssp585,2478.537626,3435.863084
ssp585,125.7737133,1195.444673
ssp585,1525.818273,1540.100536
ssp585,98.69682636,437.7417404
ssp585,22.90858856,237.7531386
ssp585,13.1745173,1433.591737
ssp585,1.884962083,51.00226458
ssp585,866.4208972,1694.542347
ssp585,65.28477332,544.9484053
ssp585,-2030.722793,1412.397927
ssp585,213.7901436,262.4885877
ssp585,37.11692464,2999.993925
ssp585,-10.27894531,629.2830807
ssp585,457.8044781,822.1799101
ssp585,-5.051847342,3.142878718
ssp585,-1.765028603,13.5141157
ssp585,998.9577648,1355.052542
ssp585,71.63438308,83.73599848
ssp585,415.585862,2049.030582
ssp585,-1.708822427,6.505813133
ssp585,5.533078357,128.8197184
ssp585,1230.703274,1430.879295
ssp585,8.342664254,286.6421573
ssp585,668.2671,694.2647954
ssp585,13.85141487,310.6452919
ssp585,5453.736441,7954.318691
ssp585,-617.4473908,2613.175359
ssp585,-29.8557705,21.0455043
ssp585,265.8601788,494.8185258
ssp585,-36.87581757,23.95432653
ssp585,94.60930528,1291.527415
ssp585,511.2106854,7690.909475
ssp585,-135.4593774,1259.294973
ssp585,663.48019,1169.33991
ssp585,-1.119773003,2.732110847
ssp585,3.794826102,144.2983521
ssp585,-0.139955911,12.86535169
ssp585,835.0309799,1405.263508
ssp585,65.65369722,1823.941167
ssp585,1305.913045,3140.465065
ssp585,4355.789679,4671.479224
ssp585,445.2279128,1517.555463
ssp585,-1.996072307,15.15359879
ssp585,-10.49467479,3152.206515
ssp585,1308.104342,3635.276752
ssp585,1.311268142,3.529735652
ssp585,218.9879642,280.518132
ssp585,6.261124468,125.6675535
ssp585,267.9610865,2315.679986
ssp585,121.4590237,191.9559506
ssp585,1066.217849,1208.958612
ssp585,30.34636877,68.85577657
ssp585,57.96995106,1284.929801
ssp585,-16.9677421,1903.281038
ssp585,74.3684005,859.4453555
ssp585,719.0304111,1225.723538
ssp585,155.4734711,753.4152351
ssp585,2940.144198,4317.071428
ssp585,129.3116118,266.6450778
ssp585,505.811244,1686.875594
ssp585,-884.2818241,6838.258376
ssp585,-5.609021524,1683.383488
ssp585,-0.560768313,3.294473717
ssp585,-0.243707584,0.513796976
ssp585,3.015800011,20.82233801
ssp585,2925.004019,4238.029989
ssp585,781.6861786,1153.028362
ssp585,0.621304945,20.84343315
ssp585,12.57255166,202.2672367
ssp585,-209.1310679,1327.410482
ssp585,7.269790607,16.09339606
ssp585,3642.873812,5235.191412
ssp585,1.08877518,26.75638458
ssp585,94.52397924,433.8943182
ssp585,738.602194,1172.559679
ssp585,-0.33195263,2.45155819
ssp585,-6.43741652,4.39596568
ssp585,758.485723,3643.918493
ssp585,0.73169218,242.6613292
ssp585,9.063863482,24.33504268
ssp585,2670.142127,3731.249627
ssp585,714.3059593,1642.141612
ssp585,-11.13304324,3.834614863
ssp585,16.96626751,251.5547085
ssp585,961.3761862,4825.919396
ssp585,1287.416449,1745.823259
ssp585,-0.316132311,3.969862219
ssp585,2.701168159,23.59394286
ssp585,137.9474818,314.8207678
ssp585,-0.129374383,1.225513077
ssp585,528.8279131,1267.231028
ssp585,-761.7360772,2423.717763
ssp585,240.2828497,413.1780717
ssp585,23.7143692,564.1767972
ssp585,17.62040892,90.44398582
ssp585,165.6902107,377.3020287
ssp585,45.33828725,107.15392
ssp585,-0.016450482,2.334923258
ssp585,85.38336335,963.1588044
ssp585,149.1414252,589.7909712
ssp585,-0.214310363,5.712458387
ssp585,953.6204467,1291.092693
ssp585,350.2272225,1810.162202
ssp585,1053.726017,1328.501822
ssp585,-199.9478226,520.1983974
ssp585,75.36526511,123.1632832
ssp585,92.94996736,101.5430536
ssp585,725.8312639,1059.768143
ssp585,7.560606044,10.27233336
ssp585,0.118261307,74.83804791
ssp585,-1.174013905,2.246353285
ssp585,572.0673721,1297.659424
ssp585,11.29566497,206.007664
ssp585,1164.030884,3277.528834
ssp585,-0.598939285,3.546812585
ssp585,-0.45738467,59.08033563
ssp585,1.551959713,2.733846343
ssp585,156.0157954,444.3436304
ssp585,59.90139825,9225.587218
ssp585,0.654606247,0.753732257
ssp585,93.53692081,378.6996148
ssp585,-0.218765814,2.507469126
ssp585,8479.341463,8654.809045
ssp585,0.034732951,0.172233851
ssp585,-978.6395909,1872.667209
ssp585,453.9222259,2201.266006
ssp585,6.426483156,40.74828586
ssp585,2.881389037,14.07160454
ssp585,110.5357864,470.8859074
ssp585,-0.216742531,0.459079939
ssp585,1.994095549,4.406449659
ssp585,632.3838533,905.5119463
ssp585,4.954929512,19.90906661
ssp585,-44.22766165,13.28944805
ssp585,4.733857103,126.0777981
ssp585,-0.335443664,4.361460276
ssp585,-0.14765902,3.60556533
ssp585,-1.638140214,4.098136076
ssp585,-408.848064,327.410388
ssp585,1135.627203,1928.774403
ssp585,16.79584784,336.9493528
ssp126,50.04687469,15.78552821
ssp126,-5.117698031,22.43102513
ssp126,-97.94188482,1246.851125
ssp126,-164.6317836,190.5630017
ssp126,0.57273401,3.20961667
ssp126,-2.100437281,90.93125778
ssp126,0.035397912,3.697715128
ssp126,-2.159804753,104.7951598
ssp126,0.186899636,2.834722694
ssp126,-2.662084873,15.26726627
ssp126,0.538283259,3.765229801
ssp126,-125.6762008,2326.316081
ssp126,-100.1075772,669.0410202
ssp126,-0.002811392,0.593726802
ssp126,1.488815659,16.34372514
ssp126,0.048823226,0.684491834
ssp126,-1027.337453,1564.270395
ssp126,1.474665028,17.29128967
ssp126,-4.023477805,121.8433228
ssp126,80.60041972,526.8257803
ssp126,-59.81169985,1355.78605
ssp126,-3.456221997,32.1506279
ssp126,-667.599665,1141.4214
ssp126,-65.05150572,639.1322747
ssp126,-47.07646056,611.2426826
ssp126,-5.439985958,2125.628186
ssp126,-0.476717847,1.448297797
ssp126,-2.893625063,83.38287316
ssp126,424.1568399,1637.9657
ssp126,-0.558108678,2.432221058
ssp126,0.262803455,2.412198075
ssp126,-1.779121395,24.26912419
ssp126,-17.14431806,95.55138876
ssp126,-3.996814956,94.84834266
ssp126,-524.4064464,1009.463506
ssp126,1.245776532,2.984906888
ssp126,-3.869112531,112.1556695
ssp126,0.919153723,63.77013258
ssp126,-9.222484315,30.28671662
ssp126,-1.033669075,36.64595157
ssp126,-725.086638,1226.907947
ssp126,201.6786986,1588.605021
ssp126,-192.4147141,313.9431201
ssp126,-3.13338939,93.34079559
ssp126,0.249548681,2.469797049
ssp126,-0.425534423,27.06381242
ssp126,-102.4315897,1342.5394
ssp126,1.144283241,15.67453996
ssp126,-4.144496296,85.4623766
ssp126,0.79012971,2.74982438
ssp126,-168.0875809,1764.230601
ssp126,-64.75170776,1105.222978
ssp126,-4.847868477,21.25567708
ssp126,-0.530392047,23.04109625
ssp126,-55.95000789,639.5169839
ssp126,1.137687071,14.29260123
ssp126,-1.692449048,94.00391025
ssp126,0.416759257,3.524267353
ssp126,0.653667808,12.17614219
ssp126,745.1299701,1520.56127
ssp126,-6.54838844,115.8040304
ssp126,-216.63273,243.3522734
ssp126,-136.4464669,324.9448449
ssp126,-0.458164996,318.746017
ssp126,-48.91705473,1135.414295
ssp126,-9.999929746,154.3117597
ssp126,-0.541621955,6.235715155
ssp126,-13.09759099,186.256385
ssp126,-48.2305903,331.8446143
ssp126,0.28999521,2.54151502
ssp126,-0.24673503,1.54111519
ssp126,-0.995193146,9.948400166
ssp126,0.126446185,27.66040232
ssp126,-24.15102395,87.65287975
ssp126,-0.329480374,4.176465694
ssp126,-0.531214579,25.34430088
ssp126,-263.9171314,4230.786821
ssp126,0.370874347,3.657724333
ssp126,-41.57686642,369.5077944
ssp126,1.595794719,6.307986871
ssp126,-2.632288781,118.4466778
ssp126,-3201.59592,4163.010878
ssp126,-225.0979379,2141.505818
ssp126,2.627177609,15.07504219
ssp126,0.930052588,14.40103821
ssp126,-8.86862661,53.52202821
ssp126,0.286625012,0.528025098
ssp126,-90.22678966,1717.01102
ssp126,0.248542369,51.15244943
ssp126,-1.570021124,69.86553352
ssp126,-21.42391953,93.27244853
ssp126,149.0727754,697.4492206
ssp126,-54.97952546,982.3764705
ssp126,-13.58740543,253.1430164
ssp126,-129.0973535,165.9982558
ssp126,-129.4644501,188.057958
ssp126,1.177077312,15.09114439
ssp126,-0.155079664,33.03317836
ssp126,-85.93498173,189.1066287
ssp126,-0.506818728,3.012515628
ssp126,-509.058674,1367.450272
ssp126,-1.301589526,46.89589793
ssp126,193.4973839,778.5098511
ssp126,1.161258654,3.174005126
ssp126,7.406789084,4.215583416
ssp126,2106.305577,1879.932863
ssp126,-1360.512551,1509.08136
ssp126,0.605503964,10.89975264
ssp126,-1440.25346,3237.26632
ssp126,-0.359781032,2.181030562
ssp126,-0.289520667,3.044667367
ssp126,-16.75752058,241.3029106
ssp126,0.907005515,3.461882425
ssp126,-1.239226572,5.241735292
ssp126,0.021641946,0.653753424
ssp126,-18.09655512,363.4569011
ssp126,-402.3462723,604.9353433
ssp126,0.511584661,3.382188089
ssp126,-85.3816916,1073.34198
ssp126,-939.1594427,1961.604783
ssp126,-612.736949,1759.769519
ssp126,-0.463917757,28.90012456
ssp126,0.000265169,0.316064991
ssp126,-0.004172259,0.470275159
ssp126,-988.9350328,1476.936077
ssp126,-2.33876589,7.33259512
ssp126,-722.4864676,1714.362788
ssp126,-0.353107791,15.46076879
ssp126,-2.990750531,4.898462801
ssp126,-425.60127,2059.61818
ssp126,-359.3153392,1568.392029
ssp126,-74.92746513,477.1631751
ssp126,-1.247358276,13.38750988
ssp126,-54.28250937,66.44628067
ssp126,-9275.770218,15089.31305
ssp126,-6.88564742,251.2085224
ssp126,-64.16821577,1189.865536
ssp126,6.62111015,4.72376215
ssp126,-5.009925399,88.8742233
ssp126,-90.61589539,480.9166564
ssp126,-1175.400841,2729.812521
ssp126,2.505619247,0.544813343
ssp126,0.040212839,2.407792801
ssp126,-23.91265975,87.70488105
ssp126,-14.9959967,397.7824927
ssp126,1.20833621,14.45150129
ssp126,0.313088429,2.837459071
ssp126,-0.583039624,2.310572254
ssp126,0.116682886,30.97523201
ssp126,-5.861344114,234.0258551
ssp126,-115.7289376,1266.170618
ssp126,-0.518241789,24.42017849
ssp126,26.13423462,644.8328024
ssp126,-2.137264504,93.1140756
ssp126,0.22197674,2.91879875
ssp126,-0.665743228,40.98241723
ssp126,-11.55632032,82.34852812
ssp126,-136.5045243,1290.612074
ssp126,-8.091048397,94.7072887
ssp126,-196.8608466,3865.636527
ssp126,-2167.657868,2832.826792
ssp126,0.019782419,8.802476581
ssp126,-117.5157813,155.3032704
ssp126,286.3050287,1527.583201
ssp126,-153.4457546,1255.299365
ssp126,0.250386201,3.080612939
ssp126,-665.1880137,808.8089367
ssp126,-0.387221206,28.26186351
ssp126,-451.8938228,34516.45372
ssp126,-20.62188491,159.5697419
ssp126,38.73056429,13.11117761
ssp126,-311.9877925,628.4444155
ssp126,103.6856322,382.0301498
ssp126,-11.15134751,597.7017125
ssp126,0.283456442,4.078582018
ssp126,-648.1996583,696.4412596
ssp126,-587.1377055,1897.074525
ssp126,-17.23180128,1924.726621
ssp126,-100.2504674,727.9353214
ssp126,0.089217921,6.530267499
ssp126,6.514266404,2.451654826
ssp126,-248.0464316,871.3421846
ssp126,-505.7903052,1816.105095
ssp126,-0.060143286,3.827774596
ssp126,-2.623472729,99.13162043
ssp126,-3.031980798,17.0831857
ssp126,-191.8462601,1332.30672
ssp126,-104.0776514,229.9700044
ssp126,-180.6952597,1606.82183
ssp126,0.204713042,2.514833488
ssp126,-0.000794904,1.191173164
ssp126,0.251698038,2.738978172
ssp126,-918.0802936,1152.367427
ssp126,-57.85624117,537.5448152
ssp126,0.06878985,1.0923305
ssp126,-89.89902647,1167.525676
ssp126,36.08668165,519.6127674
ssp126,-0.696502786,3.098532936
ssp126,-0.619770637,2.651958327
ssp126,-21.8508864,546.6567694
ssp126,-14.01868935,95.62678745
ssp126,-95.84076834,390.6472963
ssp126,-54.51823802,119.7354867
ssp126,-5.503857103,48.3815497
ssp126,-3.015438106,117.2134301
ssp126,-3.103869736,115.1748157
ssp126,-0.001994066,1.741619196
ssp126,0.475163051,3.078730179
ssp126,-147.3958003,1050.597334
ssp126,-16.1767115,379.6585015
ssp126,0.388195234,0.678871466
ssp126,-46.15177891,409.1128559
ssp126,-52.6987599,63.5687526
ssp126,0.583872338,10.19477636
ssp126,-87.21995863,195.3975696
ssp126,0.839560031,60.99760887
ssp126,-15.68937874,207.4946267
ssp126,-21.96358051,438.8802705
ssp126,5.894691207,60.71722369
ssp126,-0.304786345,2.126764855
ssp126,0.030657154,8.122443916
ssp126,0.057122542,0.637734878
ssp126,-48.354418,347.045274
ssp126,-115.8376791,1237.189339
ssp126,0.447363469,19.31675013
ssp126,25.8558166,57.3080136
ssp126,-1.071029338,5.347908258
ssp126,0.426404744,66.67026806
ssp126,139.5560628,1950.444857
ssp126,-505.085822,1280.583446
ssp126,-2.006798643,144.3809096
ssp126,-2.409348075,43.70484948
ssp126,-157.0533314,1909.581081
ssp126,-11.35175034,231.2991613
ssp126,0.271281954,2.113894336
ssp126,-982.8508131,1422.351797
ssp126,-915.6522071,2340.754687
ssp126,64.70218091,1237.277319
ssp126,-9.965451442,79.91963794
ssp126,0.173162093,4.800841487
ssp126,-1648.512287,1929.005575
ssp126,-1334.712449,2067.046301
ssp126,-2.395288979,122.28417
ssp126,-26.85373903,327.143567
ssp126,-313.0446049,1483.280115
ssp126,1895.948657,4717.502693
ssp126,-18.30220083,236.8293608
ssp126,-3313.049263,4821.819503
ssp126,0.018571272,0.572245968
ssp126,-12.94376883,29.61957063
ssp126,352.5345776,3692.365892
ssp126,318.942367,2394.907613
ssp126,-2.509511104,116.5572421
ssp126,-3929.62685,5482.29417
ssp126,-76.29878439,1141.349334
ssp126,-0.400601086,7.188317446
ssp126,-0.17776464,308.8176996
ssp126,738.6423529,30099.01325
ssp126,-850.1757215,2268.746711
ssp126,-0.287413538,6.040884698
ssp126,-116.8132424,159.0325097
ssp126,-173.6660343,473.8277823
ssp126,-16.23206379,603.8996048
ssp126,-133.202594,3274.184044
ssp126,-114.3468386,802.9610376
ssp126,-2139.940614,3694.486704
ssp126,-140.4801203,588.4103503
ssp126,-0.311547287,21.38640889
ssp126,-804.9403311,978.3885941
ssp126,-94.40368318,1944.880803
ssp126,-6.527332888,19.07109339
ssp126,-8.489380121,368.7212571
ssp126,-21.4097907,164.6431767
ssp126,-10.60969128,186.1765443
ssp126,0.390049699,14.7525964
ssp126,-459.6988325,2205.993143
ssp126,0.002855598,2.301277152
ssp126,-74.96821591,642.0115539
ssp126,-864.5645506,1938.015801
ssp126,-2.87647449,268.1628295
ssp126,0.222118765,4.614060605
ssp126,-0.802076493,5.082478553
ssp126,-2398.988368,3541.857068
ssp126,-35.00201031,286.6928863
ssp126,-153.280396,196.6898747
ssp126,-2.772813092,106.2726661
ssp126,3.536486034,1965.784534
ssp126,166.239363,658.019744
ssp126,0.402290671,3.490106629
ssp126,-0.664273541,12.01180904
ssp126,0.156909774,3.510996846
ssp126,-564.3878834,793.0108984
ssp126,0.445978221,4.573665609
ssp126,0.247475637,2.170425833
ssp126,-983.32671,1608.681193
ssp126,-78.62297947,1436.639229
ssp126,0.176546029,2.199962681
ssp126,-11.48988762,151.1993266
ssp126,-11.85414659,25.00850939
ssp126,-57.65099694,530.1542949
ssp126,-280.527086,3883.969916
ssp126,-180.6493447,1085.304541
ssp126,126.5926505,148.2877815
ssp126,-23.1534964,640.1891104
ssp126,-49.13607061,534.5752066
ssp126,1.894158217,14.73294598
ssp126,-3741.13736,9360.26324
ssp126,-2.288342379,122.6116844
ssp126,-9.966217594,1463.856568
ssp126,0.762319876,64.73911002
ssp126,-1412.464957,3324.807747
ssp126,0.598345301,3.548816999
ssp126,0.503992815,2.810131325
ssp126,-9.319787405,18.44176147
ssp126,-726.9119332,2236.491933
ssp126,-17.8019889,88.3755238
ssp126,-10.08250217,187.5108432
ssp126,244.2700957,1564.381264
ssp126,-85.60963275,1028.248179
ssp126,-99.83604971,1117.44472
ssp126,-1.385092848,192.9181348
ssp126,-437.9264203,999.6121513
ssp126,0.889165973,12.14015403
ssp126,-57.71732347,120.1398912
ssp126,0.223076845,3.816379385
ssp126,-1.721238614,6.102315244
ssp126,195.1199314,1176.224139
ssp126,-127.4489401,883.4444531
ssp126,-14.28518585,138.6678769
ssp126,-62.51012601,493.163707
ssp126,-699.1623417,1668.93035
ssp126,-168.4982773,194.2605279
ssp126,-3.127478287,342.5731423
ssp126,-153.1197624,1306.611392
ssp126,-42.92010603,83.15046073
ssp126,0.095927282,2.988609038
ssp126,-316.2192266,373.8161112
ssp126,-182.9282297,540.9873017
ssp126,1028.393814,2914.272956
ssp126,-57.95917785,469.1497948
ssp126,-9.122534895,1463.369115
ssp126,-4.754234106,83.90849521
ssp126,-5.801367636,20.24735384
ssp126,-17.37491997,1259.37345
ssp126,-276.2782929,1224.363862
ssp126,0.238244052,93.31282155
ssp126,6.972723262,2.668553458
ssp126,-0.425858721,28.88573732
ssp126,0.406065742,2.977866448
ssp126,-13.49541124,603.8218462
ssp126,-0.854992978,18.75098908
ssp126,-182.3960083,1145.553673
ssp126,-21.63374904,557.655444
ssp126,-5.014229711,25.47500441
ssp126,0.024182044,12.53836726
ssp126,-667.9230291,1140.362461
ssp126,-118.4023392,1928.796999
ssp126,-678.9361549,1100.081364
ssp126,4.764007984,4.590743576
ssp126,255.2888972,1730.635233
ssp126,-21.96441375,184.3409387
ssp126,-415.0914449,753.0063879
ssp126,-14.37398976,241.8959838
ssp126,-122.20785,1127.1566
ssp126,-253.8729999,3661.69821
ssp126,2.289140924,5.397055846
ssp126,-149.4383554,1838.805895
ssp126,-104.2627344,1675.630484
ssp126,-624.2540438,1301.7602
ssp126,-117.7536626,1075.079121
ssp126,-70.53317767,1140.204138
ssp126,-179.1884225,193.4706856
ssp126,-6.759650092,345.8045641
ssp126,-10.50884338,225.3533934
ssp126,-148.4707357,1568.887956
ssp126,-0.809114128,49.92641663
ssp126,-677.4870707,1505.608521
ssp126,-41.16263949,520.8262715
ssp126,1976.352904,1466.767816
ssp126,-0.76075067,49.45919477
ssp126,-16.50775018,2979.38475
ssp126,-35.92792404,675.48995
ssp126,-15.32383457,379.6992666
ssp126,-0.362719632,8.557445692
ssp126,0.88857753,14.39056677
ssp126,-41.82719471,397.9219717
ssp126,-1.190261347,13.29187675
ssp126,-350.5183673,1983.963087
ssp126,0.037159169,8.177476391
ssp126,-2.708408444,125.9950484
ssp126,-749.110337,949.286358
ssp126,-3.221584594,281.5210776
ssp126,-166.3135242,192.3112196
ssp126,-5.021174725,301.8150517
ssp126,210.830349,2289.751901
ssp126,-326.2508733,3556.873623
ssp126,-4.090738036,54.99201284
ssp126,-10.11203947,239.0703865
ssp126,0.948733573,59.88141053
ssp126,-60.03225285,1256.950363
ssp126,-201.3189558,7381.017746
ssp126,155.3090511,1239.445299
ssp126,-43.03996472,548.8996847
ssp126,0.683147355,3.168736495
ssp126,-0.977687279,141.4812133
ssp126,0.045354283,12.95995332
ssp126,-88.53827328,658.7708013
ssp126,-43.83265136,1802.120121
ssp126,-93.72469826,1928.276718
ssp126,-47.10370907,362.7932541
ssp126,-1.870329588,1074.19788
ssp126,0.913175153,16.23649595
ssp126,0.023529731,3162.67766
ssp126,339.9330722,1987.239338
ssp126,0.158996599,2.059470911
ssp126,-2.18368142,63.71384922
ssp126,-2.432520054,121.8389491
ssp126,-131.4800269,2179.198927
ssp126,-48.57686451,119.0737914
ssp126,-757.7870744,900.5278374
ssp126,-16.69587984,55.20528764
ssp126,-40.59722295,1267.557073
ssp126,-13.2824034,1933.531183
ssp126,-65.54329501,850.62025
ssp126,-223.4617727,730.1548997
ssp126,-59.69972683,657.6414908
ssp126,-996.4955127,2373.422743
ssp126,-67.7861055,205.1195715
ssp126,-72.22542044,1253.28977
ssp126,-1703.645002,9426.185202
ssp126,-1.789492513,1690.782003
ssp126,0.291846208,3.563395822
ssp126,0.24798764,0.50951692
ssp126,-3.158794666,20.96533267
ssp126,-2622.425898,3935.451868
ssp126,-20.36775741,391.7099404
ssp126,-0.107394566,20.32952277
ssp126,-5.414693196,195.1093782
ssp126,159.8615703,1376.67998
ssp126,-2.247642659,11.07124811
ssp126,-2930.849654,4523.167254
ssp126,-0.588868489,26.25647789
ssp126,-90.71881177,430.0891508
ssp126,-683.2730665,1117.230551
ssp126,0.25841185,2.52509897
ssp126,0.500152488,10.33322971
ssp126,-653.8221483,3539.254918
ssp126,-1.312657468,243.2422945
ssp126,0.253363324,15.01781588
ssp126,-1191.528717,2252.636217
ssp126,-652.9717738,1580.807427
ssp126,1.549135162,13.41852294
ssp126,-11.46570151,246.0541425
ssp126,-146.1794866,4010.722697
ssp126,-1125.902443,1584.309253
ssp126,0.173114819,4.112879711
ssp126,-0.850398289,21.74317299
ssp126,-8.21728622,185.0905722
ssp126,0.064186274,1.290701186
ssp126,-467.1415979,1205.544713
ssp126,808.0231434,2377.430697
ssp126,-237.0730861,409.9683081
ssp126,-14.2428379,554.7052659
ssp126,-6.314380348,79.13795725
ssp126,-126.4216447,338.0334627
ssp126,-40.68214002,102.4977728
ssp126,0.056643465,2.294730275
ssp126,-127.261485,1005.036926
ssp126,-76.93091279,517.5804588
ssp126,0.092981768,5.833786982
ssp126,-630.5203039,967.9925499
ssp126,-958.9521735,2418.887154
ssp126,-478.5024796,753.2782846
ssp126,19.87663385,700.2695861
ssp126,-16.26966697,64.06768507
ssp126,-45.95512946,54.5482157
ssp126,-31.22072448,365.1576035
ssp126,-0.165723657,2.877450977
ssp126,0.083793639,74.63599296
ssp126,0.783953136,2.636414054
ssp126,-71.29378096,796.885833
ssp126,-4.888952036,199.600951
ssp126,-1167.114758,3280.612708
ssp126,0.284569865,3.861182005
ssp126,0.886090849,58.65162945
ssp126,-1.603391158,2.785277788
ssp126,-4.839277982,293.167113
ssp126,2547.819434,6617.866386
ssp126,-0.405804108,0.504930118
ssp126,-79.80974977,364.9724438
ssp126,0.170705423,2.555529517
ssp126,-3753.189822,3928.657404
ssp126,0.004407453,0.133093447
ssp126,-50.35506976,2901.66187
ssp126,-173.6598749,1921.003655
ssp126,-2.857888164,37.17969086
ssp126,-1.40705886,12.59727436
ssp126,-16.92725622,377.2773772
ssp126,0.0629518,0.61287067
ssp126,0.034379865,2.377974245
ssp126,-587.8590575,860.9871505
ssp126,0.598012348,14.35612475
ssp126,0.689764864,56.82734484
ssp126,-2.050406361,123.3943474
ssp126,0.179898793,4.517005147
ssp126,0.066055824,3.687168526
ssp126,0.758041218,4.978235072
ssp126,-80.32520576,816.5836578
ssp126,-140.8520575,933.9992575
ssp126,-8.573697502,328.7272025