Model,model_present_ch4_diff,model_ch4,model_present_co2_diff,model_co2
ssp585,-2.951625923,3.21061013,-82.34101059,105.0147334
ssp585,0.420107212,3.870128956,34.85822106,184.7441085
ssp585,1.296519651,22.63017147,56.59408306,152.0754655
ssp585,12.83364716,16.94529104,-3.789334506,121.0398347
ssp585,-0.198002797,1.584042579,-19.18007428,293.3794477
ssp585,-2.936988908,4.081610429,-2.163351679,140.9579214
ssp585,-0.016016545,1.755916632,-0.928796302,310.5092555
ssp585,2.373828478,9.846831954,-43.41767905,96.54531312
ssp585,-0.079773301,1.536689298,-89.87900918,120.0076934
ssp585,0.651127008,3.656943069,66.08134165,416.5830672
ssp585,-0.214170655,1.670632004,63.2349793,184.7905964
ssp585,1.492582665,29.78373106,-39.10170394,143.5041864
ssp585,24.79374078,40.51574797,5.33942228,255.1779866
ssp585,1.029458066,1.825204509,-105.6674705,202.5979999
ssp585,0.286143391,3.780723493,-0.229361711,177.0941653
ssp585,0.342179648,1.216149501,-4.022413648,223.9918332
ssp585,8.297388492,23.62904969,201.3808845,816.2071307
ssp585,-0.27252031,3.300354939,-37.98230481,102.0634406
ssp585,0.278814191,8.213299181,-0.168366209,31.46945896
ssp585,9.855633813,26.03106537,269.5360407,421.9939131
ssp585,1.375245229,23.85457937,-0.463013047,281.016271
ssp585,0.900450825,5.196935786,-3.905346342,121.8209254
ssp585,6.961009311,21.48228668,27.14835157,58.5985326
ssp585,9.871026168,25.65465098,249.0112845,458.8523475
ssp585,1.438654213,17.10331203,-0.665247487,31.87061406
ssp585,6.244991451,34.08222366,183.1306603,454.3045441
ssp585,1.762695042,2.750251652,22.22962332,156.5860976
ssp585,0.315098353,7.039465863,53.09604993,137.2264136
ssp585,-1.795944739,25.70758825,-3.05557655,333.8554053
ssp585,0.457524301,1.771156052,12.45031119,126.9347166
ssp585,-0.068848986,1.464300389,-132.1603699,126.2443333
ssp585,0.286670884,4.151778439,79.70086512,200.1474093
ssp585,1.395303039,8.043563453,-1.845735179,124.9738624
ssp585,0.300644411,7.388141332,117.522149,192.5289881
ssp585,10.45203387,25.12186131,40.73398295,71.61514389
ssp585,-0.513162386,1.357720644,-54.45091971,648.0079179
ssp585,2.645695217,10.29469236,6.627202329,94.27620826
ssp585,0.727909863,6.843445503,0.507460499,81.71967918
ssp585,3.499329937,7.256047682,-0.963840821,227.8603197
ssp585,5.603557634,10.32257131,-61.92437773,129.3230989
ssp585,11.90861131,26.79651572,460.7448344,618.4705873
ssp585,-6.285684205,19.58012173,1.258419806,225.7565368
ssp585,28.12409537,36.16609532,-0.200910753,239.6214242
ssp585,0.288535727,7.354165805,8.311473167,94.69373766
ssp585,-0.083797684,1.460338155,-1.249390112,217.040133
ssp585,5.773841967,9.933804831,-2.238952789,125.6701109
ssp585,13.57862371,35.63186178,331.2434128,590.6557506
ssp585,0.281890977,3.68876651,0.908509378,148.0918742
ssp585,-2.380142634,4.374202689,105.9491549,227.9189464
ssp585,-0.253777359,1.477739167,-161.7190934,281.2567294
ssp585,2.088743937,26.69674911,202.1532717,420.3745969
ssp585,4.42471329,24.85932456,276.6512766,464.805966
ssp585,0.45632164,3.826786185,2.883653373,104.6543467
ssp585,1.36825214,5.234904393,-85.09175106,118.1694251
ssp585,9.933341105,25.82970993,5.084104723,219.1098553
ssp585,0.283624063,3.56536495,10.49863628,188.7514566
ssp585,2.486329671,9.623066358,2.324389908,101.546604
ssp585,-0.17019197,1.643944113,-70.90569882,175.5474014
ssp585,-0.132359338,2.896603389,-135.0540833,192.9417476
ssp585,-5.011565536,23.63978916,6.812801892,438.3609202
ssp585,3.722199256,11.40085021,5.08527339,217.9274819
ssp585,8.055387054,12.22085671,-68.07891933,230.924788
ssp585,3.587486151,13.3183981,98.85215675,197.8533561
ssp585,-5.719970184,6.496927665,0.008610587,403.6452764
ssp585,0.760438716,21.58282411,7.026893109,98.33463772
ssp585,6.468750809,15.13383755,208.7591624,424.906656
ssp585,0.202225483,2.330740521,61.72918888,195.229207
ssp585,3.821271814,13.20000362,21.83999201,53.3114924
ssp585,1.535308038,13.15530745,89.13471263,233.6969057
ssp585,-0.079979735,1.491500712,-2.934109412,221.5585595
ssp585,2.223183998,3.341766039,-6.06407323,115.3248544
ssp585,0.277765891,2.868596768,31.49854254,167.0804341
ssp585,-0.021108046,4.215823406,87.53264447,226.8447268
ssp585,1.035521364,7.102049179,39.10308437,135.5984966
ssp585,0.20313297,1.998340317,-30.32621054,152.2067725
ssp585,1.319784782,5.353471539,-82.2727277,126.6577779
ssp585,16.75240802,53.29388366,93.05323328,441.1390997
ssp585,-0.12899101,1.702543246,-20.80524215,399.9792063
ssp585,9.792520019,22.16880796,-4.554440732,137.3623913
ssp585,-0.499200256,1.955083404,-113.5290152,478.3404995
ssp585,2.431812121,10.30735815,0.99827548,145.2248534
ssp585,19.7661396,39.51134851,-15.62644641,163.2253992
ssp585,2.310532285,28.95250646,3.496996162,254.9293065
ssp585,-0.439200523,3.044265311,-42.01217439,107.4206142
ssp585,0.408281111,3.680842752,-0.86065936,185.5627512
ssp585,1.61082487,6.817047386,-4.672022759,130.5852868
ssp585,-0.155495934,0.759323218,12.8646208,222.3349937
ssp585,6.188362414,31.0004256,578.7687565,802.3232761
ssp585,0.978909836,6.513245302,26.72102576,97.40502902
ssp585,-3.247133812,3.014193339,47.53176757,488.6193874
ssp585,4.586004281,10.98677163,24.65655196,216.3705116
ssp585,-1.02599377,17.65745888,275.3093114,481.2690412
ssp585,8.982633662,28.42132854,63.71005916,146.9450761
ssp585,0.586378486,11.38486889,306.0536291,616.4110989
ssp585,5.070207277,9.862634384,7.761227445,235.6759365
ssp585,7.727279543,13.5855212,-0.31023512,192.2472672
ssp585,-0.214803188,3.143178418,-85.22897213,102.9952783
ssp585,5.844999424,10.40310318,1.047690557,212.5488185
ssp585,2.044577839,9.534514661,4.248229092,49.08816861
ssp585,0.305310408,1.795537525,-6.895368111,116.1000867
ssp585,5.027740045,23.82451778,0.315660484,91.54373099
ssp585,5.812169246,11.06575388,3.456143299,217.7689818
ssp585,5.662269523,25.50166235,22.24795988,433.3774924
ssp585,0.085591819,1.97642114,-50.16943908,134.2593961
ssp585,-0.46004342,2.441650829,13.79274979,259.004663
ssp585,-11.49641352,25.12244153,204.0789812,617.4701869
ssp585,15.10790903,23.88309218,214.0852268,636.8616266
ssp585,-1.237498659,1.651460574,66.39438718,185.668806
ssp585,3.224646646,29.13263067,382.2111347,456.201528
ssp585,0.241260876,1.538670205,27.00310385,221.1161002
ssp585,0.187187054,1.74011901,-18.69720749,115.9170345
ssp585,6.409101115,16.90835445,18.44936616,80.53847705
ssp585,-0.312385585,1.584798839,-183.6818388,267.1300076
ssp585,3.061365193,4.887738656,-16.68806995,113.9532509
ssp585,-0.007936266,0.835355802,2.596253557,366.6823533
ssp585,3.781731392,16.43951677,60.16010591,116.666324
ssp585,7.248872151,17.2892627,22.64277394,432.3796745
ssp585,-0.267346563,1.537310537,-79.52904027,420.5343483
ssp585,7.479815946,27.45997009,140.9113987,325.225985
ssp585,7.113795047,27.39389485,391.4887511,636.8576709
ssp585,-0.661952579,20.65655826,198.9756508,453.283154
ssp585,0.126785809,4.406437662,1.915064763,209.4247284
ssp585,0.80375396,1.410369908,-111.7905235,214.0812661
ssp585,0.037263206,0.7550963,-33.95858882,258.877337
ssp585,8.62765871,23.33608801,24.19552322,56.78149666
ssp585,0.813996615,2.824597624,71.64282014,302.7471784
ssp585,6.328269736,26.34277997,57.10931509,249.770259
ssp585,19.22636513,22.47812788,51.27937713,161.8075069
ssp585,0.904560773,2.228369356,11.52994441,261.736605
ssp585,12.43988794,37.29979993,162.1441269,578.8352293
ssp585,3.557694805,25.36955455,-3.005151086,51.32096407
ssp585,2.020568915,15.54476825,88.46758298,233.0861946
ssp585,3.784133075,6.741277586,-3.11873203,115.5501223
ssp585,4.193652428,7.153294228,-6.139261128,120.1069653
ssp585,23.35270171,66.49228046,-1.7067186,224.9100957
ssp585,14.80994559,25.70124368,82.20030104,233.9823356
ssp585,0.875718127,22.02110219,63.89062963,156.9552102
ssp585,-0.835699366,2.035700331,-16.13109295,241.5529921
ssp585,0.432238636,7.277640153,121.5607689,191.4552172
ssp585,0.276773966,13.62521228,166.7949197,423.9200774
ssp585,3.943669489,28.27016362,5.401342262,61.95425509
ssp585,-0.846600501,0.776537692,-239.7627434,203.7434744
ssp585,0.636622621,2.111850415,-74.16018279,296.2569365
ssp585,0.909764699,6.988324087,29.0569215,138.7484448
ssp585,6.841887905,20.07810258,142.3076983,261.0973284
ssp585,-1.359715666,1.943139351,-79.81362926,114.1266319
ssp585,-0.12394535,1.522117084,-17.03767831,355.5779225
ssp585,1.350600632,2.618582123,-72.62270778,135.8252422
ssp585,-0.01937675,4.429481411,10.1672487,141.9710426
ssp585,0.203207094,10.77562044,26.9797956,58.84913448
ssp585,0.747873362,22.09387848,24.68675153,56.30411486
ssp585,0.177003007,4.145681205,29.15437388,139.2100497
ssp585,-0.623153372,16.26649961,245.2164515,932.2854965
ssp585,0.27865385,7.370393733,40.83944678,118.7939616
ssp585,-0.082920249,1.560922916,-96.29469283,152.6982805
ssp585,5.054915374,10.03518831,94.53092918,238.9510975
ssp585,1.63807553,7.997802562,57.70112783,249.3991646
ssp585,0.411845262,21.78736401,26.30529577,57.94862866
ssp585,1.276460181,8.218525515,-14.26435207,104.0920113
ssp585,7.520226643,42.84276211,172.8674466,618.2675387
ssp585,11.72308028,28.54919204,-43.2476822,99.08306925
ssp585,-0.007830368,2.566475169,0.776492818,488.0378243
ssp585,4.638122969,9.480220664,90.86217004,232.1135949
ssp585,-1.429665199,24.58370181,25.95897237,250.5107936
ssp585,3.440684376,24.39037545,16.28194768,227.1968315
ssp585,-0.10776331,1.578600335,-10.66052296,359.9588149
ssp585,14.18769074,22.83473635,-0.996112572,96.88335906
ssp585,5.793865801,10.03660587,-21.77357159,122.7421442
ssp585,-0.369983074,92.60242695,-25.75495493,240.49284
ssp585,11.4682994,19.99201076,-21.21419679,292.8343857
ssp585,-2.074254705,3.480640654,-0.355371799,111.1336717
ssp585,8.089849297,20.27617147,10.99321325,144.9100283
ssp585,-2.451049814,12.22742636,292.9626639,462.8134948
ssp585,3.880279857,19.81189183,-0.03471719,31.11917981
ssp585,-0.167756696,1.728135399,-60.3645226,120.9809842
ssp585,12.97509932,18.35904614,-3.538710086,120.4723436
ssp585,9.095617333,31.67981287,209.1879506,292.8558486
ssp585,3.614526083,30.20261597,375.1156231,433.6340793
ssp585,2.071563804,18.4791147,109.131688,249.2143113
ssp585,-1.000473404,1.27189862,1.674020708,390.0128538
ssp585,-1.136080594,1.456347486,-79.87514753,128.321806
ssp585,10.81750305,27.17512835,12.40599962,231.312877
ssp585,2.2036529,24.79067824,47.07270634,629.4626844
ssp585,-0.126360622,1.6526696,-56.9001524,432.9334605
ssp585,0.215325152,7.491199421,9.776458364,141.104274
ssp585,6.173107916,9.324088073,19.83772303,382.6535536
ssp585,-0.003107196,21.26226927,172.5309954,604.1477399
ssp585,2.649811295,10.8159759,1.251801716,68.28566516
ssp585,11.9821676,35.41546718,283.3143405,606.6748222
ssp585,0.515819155,2.06000451,-47.71166224,137.4205375
ssp585,-0.000198259,1.078424479,-1.124418458,199.5629355
ssp585,-0.08518827,1.524063603,-5.791055282,277.0834969
ssp585,34.65294222,45.34764379,176.0634471,327.3019509
ssp585,-0.897104904,13.70198766,294.4643454,526.5169811
ssp585,-0.049443049,1.017584976,-119.5196119,255.0089991
ssp585,8.469953219,29.21833636,292.1071156,649.6873157
ssp585,-0.906289174,14.6558341,310.0325263,775.1560783
ssp585,2.557728022,4.020858721,-4.472643139,115.4020488
ssp585,0.396623233,1.757274987,-0.372588123,178.6375432
ssp585,-1.357408575,13.82289385,-0.042666621,31.21643939
ssp585,1.221541132,7.986344915,-3.90405216,118.1010906
ssp585,3.995085523,15.81206098,-6.927188121,693.4774789
ssp585,1.664576158,7.801738484,15.97563135,48.11259832
ssp585,6.767055687,11.88233194,-0.407682817,266.2411699
ssp585,0.170403378,7.998023093,5.359476558,147.4148835
ssp585,0.18859615,7.952560212,4.488301132,149.4367903
ssp585,-0.016581404,1.255247153,0.358361823,683.7306622
ssp585,-0.171485212,1.562989097,-171.6385598,221.1563969
ssp585,5.450838229,24.66763381,18.64313527,50.42789144
ssp585,1.794510296,14.73657269,-0.192418663,31.52980537
ssp585,-0.273711439,0.754881273,-72.94887898,349.6727889
ssp585,1.401995596,14.33600273,40.42871047,438.3315195
ssp585,5.511837534,8.330406374,2.5696076,99.80685953
ssp585,1.106084823,3.914342697,15.02461876,210.0340307
ssp585,2.560223857,10.20587788,-45.04990562,96.01701593
ssp585,0.964546984,6.961488536,64.7414621,140.9552753
ssp585,0.7091106,10.51379711,179.1728373,324.9369212
ssp585,0.463910972,14.20031149,43.7433144,154.8652131
ssp585,0.696272698,6.890092065,56.76388618,138.3178749
ssp585,0.571228684,1.86886352,-1.884547861,182.925043
ssp585,3.106643884,5.594254918,7.220691444,136.2525755
ssp585,0.10064464,0.954405369,-64.83453525,257.894187
ssp585,1.748071801,13.63241608,35.99181931,97.34429159
ssp585,25.22843565,46.33832942,33.36394466,179.06764
ssp585,0.049298639,3.703499186,-5.297787454,119.9456381
ssp585,0.753521929,7.574033523,12.15194124,76.78129662
ssp585,2.933743437,4.813471192,-5.501547125,116.8084639
ssp585,1.822869806,8.036224664,-12.8795294,50.57306333
ssp585,7.302255683,34.96665817,81.44773004,395.5521208
ssp585,4.088651602,22.07441408,-0.216787395,31.33066019
ssp585,0.088316772,8.702680635,-0.034059324,31.19213603
ssp585,7.885067122,12.91749599,-2.675570235,211.8042524
ssp585,5.062468676,30.68994071,166.5626565,655.844002
ssp585,11.60387535,22.00921242,-22.04851338,127.1871082
ssp585,-0.07982681,1.378836512,-1.828312842,215.3877327
ssp585,8.887750247,22.9424923,28.00248914,663.3428913
ssp585,5.888990936,29.31498105,452.5737446,559.1297591
ssp585,-0.146620502,22.37789165,36.94336212,119.664999
ssp585,0.937522246,7.264443288,20.30483643,138.0297127
ssp585,-0.114728721,1.892401785,-67.65232555,102.3987619
ssp585,16.24667879,27.8109754,-2.873050637,98.63923309
ssp585,10.59491108,28.13886018,5.114080318,78.75225512
ssp585,0.116565581,8.11126625,4.205047263,148.7004216
ssp585,3.81136653,15.72329894,-26.68871215,197.4159606
ssp585,-0.609256852,20.8954809,112.6182617,444.8703688
ssp585,19.2905592,64.91429774,-4.61297552,168.7358544
ssp585,0.537325134,10.91342863,299.4851523,441.666195
ssp585,16.64983217,40.66349873,7.922790255,733.0127147
ssp585,0.501134946,1.296823971,-0.827109944,217.8351585
ssp585,5.520590564,8.914853806,12.30301438,210.4584875
ssp585,-11.15922368,25.69270072,42.50557308,644.283511
ssp585,-3.014031722,27.97352836,399.6231023,546.3488249
ssp585,0.14165028,7.964795289,5.494574062,145.2367518
ssp585,21.82632181,46.14095635,132.0545033,578.87841
ssp585,1.154848383,21.79772332,198.0976282,328.4544266
ssp585,5.18687724,7.48415235,-6.850867706,126.6248183
ssp585,0.001402598,12.05607238,-0.022139003,406.6969616
ssp585,-0.82204107,88.21757135,-1.437136037,244.0870198
ssp585,5.982569144,29.36187053,471.5953256,560.6413939
ssp585,0.102804107,2.240930526,15.33742397,118.8122077
ssp585,4.546697023,9.627710229,88.49455719,229.9574595
ssp585,-0.478366196,11.43135944,266.5768964,395.3714862
ssp585,20.51486647,36.45964968,254.0817844,382.5603561
ssp585,1.127492199,34.14590509,530.0995836,650.0291748
ssp585,2.553552555,19.63471036,47.03565766,230.042163
ssp585,12.0490457,36.37645341,192.2411378,451.261961
ssp585,8.021053939,22.19223462,59.43317772,156.5122842
ssp585,0.105520966,3.863061881,86.54638355,194.7003327
ssp585,11.65235604,21.03789367,-20.44297312,302.9476176
ssp585,-8.125224801,18.11474254,361.6421149,617.2943988
ssp585,1.60130847,4.600754918,-2.966004691,99.4305417
ssp585,1.400807814,14.29248779,-0.140311746,31.24967651
ssp585,1.114762763,9.751667405,60.96887821,236.3040779
ssp585,5.410685621,14.84583985,94.1202944,207.8554181
ssp585,-0.084906775,3.170124135,-84.00844277,124.1397996
ssp585,3.045835859,28.63368101,273.5590414,326.099317
ssp585,1.734382657,3.17131065,-16.11852874,253.311207
ssp585,7.682879465,23.38218146,22.88551839,54.11198089
ssp585,6.980547044,27.69397793,206.2575841,615.4508498
ssp585,7.118076303,18.40579071,15.60388977,432.1897296
ssp585,-0.076050796,1.90673416,-150.3833845,120.5564329
ssp585,0.364792904,2.245192988,88.36471712,288.5726809
ssp585,14.79190725,36.076774,177.6988361,436.9931418
ssp585,1.907809357,12.94055219,8.32923836,391.52767
ssp585,5.106776558,10.24950915,89.7574866,236.1895633
ssp585,1.860544792,9.360820132,0.591741563,50.1036459
ssp585,5.632303126,32.59128486,112.5454578,274.3535874
ssp585,5.480242198,23.94869004,212.4288683,633.4545018
ssp585,-0.16524841,1.639131807,72.82383928,266.6774991
ssp585,6.30783287,9.179525297,91.75752966,204.9609129
ssp585,0.708392273,2.466816831,-2.755755003,298.532478
ssp585,13.75717119,24.33880614,-4.950814523,127.9460764
ssp585,1.654008412,3.669116636,-0.685271805,183.9956145
ssp585,0.415927551,1.883249006,-11.69347737,243.6217009
ssp585,7.910864972,24.2919328,140.1452724,325.3396469
ssp585,5.619092389,28.55961668,40.1315663,99.26260582
ssp585,-0.036325412,1.420033479,-81.27056812,134.1570528
ssp585,6.298517242,14.84248704,206.738171,427.9826447
ssp585,20.41312418,23.47512883,-10.5693022,116.153976
ssp585,1.697493816,16.20120911,164.6624684,313.4539306
ssp585,-2.318892073,32.72907587,159.5301954,418.4875674
ssp585,2.651364901,21.88158648,33.14226094,254.8893148
ssp585,1.900147834,13.36336985,-0.041111883,31.18184887
ssp585,4.02454822,20.31061969,-0.059006878,31.00231699
ssp585,-0.902586511,13.77225824,313.535573,503.2290959
ssp585,-0.305057205,3.084897697,-44.75777295,103.6675901
ssp585,2.519474628,45.02647433,138.2748378,593.0792063
ssp585,0.143913711,8.151183762,15.45600289,46.5476454
ssp585,1.770074389,25.40041848,74.45191866,166.9452211
ssp585,0.826494905,6.975257027,1.185328966,78.90886322
ssp585,7.493641336,34.11105745,501.6965318,618.2682574
ssp585,-0.20297542,1.651776649,-71.27199801,120.1912713
ssp585,-0.171603352,1.511044697,-75.69540425,258.4174919
ssp585,2.369948713,4.981877201,154.3282228,389.1276666
ssp585,4.927634534,28.94689755,247.829606,578.1980258
ssp585,0.879579075,7.230767004,15.48922944,111.5186275
ssp585,2.652158103,12.13062887,7.945212315,69.92861828
ssp585,-2.608995125,23.3717284,224.205759,651.8944851
ssp585,14.50973059,34.08653065,91.88812985,325.5814114
ssp585,2.781605379,23.01998531,162.8534548,415.526616
ssp585,0.482571975,10.28121302,0.366982046,31.02077572
ssp585,5.467421802,21.102131,5.66864559,126.9875608
ssp585,-1.339008374,1.710321184,-2.132487116,186.5632729
ssp585,3.893467931,9.914999432,17.04472752,50.28607154
ssp585,-0.364232919,1.469443469,-80.71340741,122.8177468
ssp585,1.244215805,3.143697106,-2.532993243,275.5971321
ssp585,-1.329233607,21.70879881,61.76353421,93.21859367
ssp585,8.009396232,25.79730988,84.98463733,211.9121641
ssp585,3.427943813,11.5514345,29.70115936,138.4078075
ssp585,1.635954069,15.56711414,79.35326966,327.4189122
ssp585,22.07766172,41.89719247,95.04354014,319.0581594
ssp585,13.1201405,17.22012749,-4.495774248,121.6615885
ssp585,0.049940316,12.61311972,-0.007786644,30.98345584
ssp585,15.21448417,36.58504789,161.6615066,423.2308112
ssp585,1.286329691,6.261968976,9.178021752,223.3993552
ssp585,-0.03567649,1.595317906,-83.91744717,139.2846518
ssp585,16.2549662,22.06972318,-1.820594464,98.84578206
ssp585,2.567902559,15.42575464,-0.024200652,31.02957516
ssp585,9.458209985,45.90269238,264.7138394,537.5639718
ssp585,28.38519347,42.03933925,30.81429462,163.3773763
ssp585,0.11695768,23.74981612,18.564373,49.78110823
ssp585,0.45806879,7.133770336,36.14727338,161.2083396
ssp585,0.533673229,3.722800175,-63.31211541,118.6977538
ssp585,8.813434732,30.88126893,3.989535303,152.8850284
ssp585,7.248707658,26.8745569,-44.65139577,297.1451501
ssp585,1.962003468,9.140204068,89.85724489,230.0628229
ssp585,-1.183765979,1.491729391,-18.57218276,188.1739128
ssp585,0.036871123,4.318069833,47.474137,211.7315748
ssp585,-0.370466882,1.327483135,-125.8686342,124.8616655
ssp585,0.245072065,16.22114612,16.95258113,60.78174677
ssp585,0.205844136,3.705819312,52.1382674,133.10688
ssp585,9.438408931,29.19915376,14.54125166,148.3997738
ssp585,-1.670269465,13.65008601,-0.411018481,31.42212662
ssp585,0.57226027,4.28185292,2.987061227,173.0082473
ssp585,-0.007465758,2.993931036,0.080944075,401.0168087
ssp585,6.946634232,21.44949811,27.10029797,58.54790242
ssp585,1.631279139,27.62287524,392.0251381,615.6135574
ssp585,7.620758144,21.41749168,37.63525541,95.69238704
ssp585,-0.870123417,1.770545488,-46.70908326,338.5985467
ssp585,-2.788845646,24.26861167,212.7626902,637.2027305
ssp585,0.972227485,10.09271487,5.831753531,236.9507237
ssp585,9.569236609,22.10778033,-12.6841118,72.37068176
ssp585,4.168907278,14.72838041,0.834795591,151.2229852
ssp585,6.869257281,26.99790207,-32.17162529,248.6008073
ssp585,1.748981475,35.95758959,121.5230639,445.5404961
ssp585,-0.651176535,1.77353242,-82.47672518,357.9907415
ssp585,9.358793448,34.580983,3.884277317,755.8404631
ssp585,1.116228513,25.55761432,19.75858725,51.35847204
ssp585,5.838397513,22.79934078,67.47022198,208.0560562
ssp585,14.62186851,34.33055759,76.33141863,328.2213422
ssp585,1.022994483,21.7047142,60.10568936,91.85566176
ssp585,21.0555919,24.22897115,-41.58803446,313.2300472
ssp585,1.473545796,14.03028153,-0.097355783,31.20455369
ssp585,0.463329839,10.76312843,0.166391342,30.44504362
ssp585,0.093982005,23.48649298,26.3318947,57.81402795
ssp585,0.089474519,5.515649745,0.530831193,58.16815005
ssp585,6.749731931,25.25571398,13.37380373,232.8942998
ssp585,0.831880854,15.43064375,63.22641734,279.3246237
ssp585,-11.02696972,23.33506282,227.8608742,653.4541069
ssp585,5.829829262,11.23585974,113.0961557,332.870007
ssp585,0.174524802,32.36638471,30.64292527,301.3199331
ssp585,-0.115988789,16.4256815,-0.227373274,31.2019741
ssp585,5.492329473,18.44820103,14.94301297,47.93869884
ssp585,-0.848797612,1.644321146,-60.48258012,341.886722
ssp585,-0.169645662,3.098095701,38.65205464,187.628924
ssp585,10.09159759,22.91876793,-4.046339088,133.6505264
ssp585,3.887787227,6.840851439,-0.357101967,263.8694344
ssp585,2.571431582,27.42756255,248.8219277,396.5342825
ssp585,-0.240405633,2.255341911,3.055128563,478.6795731
ssp585,0.155771196,8.248095666,-0.095706145,31.2414412
ssp585,13.47890704,23.46718352,-132.6041147,286.6483406
ssp585,0.148790002,11.67371886,0.021635402,30.93821851
ssp585,13.02567116,17.14188946,-5.700683974,121.6211923
ssp585,0.237117292,12.08862316,0.025187064,30.64103162
ssp585,19.52678501,49.43224713,603.2170052,819.0924386
ssp585,-2.941420691,30.48298181,156.2883395,671.6149113
ssp585,-1.755637102,3.755266809,-20.40550694,100.5417312
ssp585,4.208945383,14.79731804,81.92654009,232.0071024
ssp585,-1.981877244,3.972453704,55.07819021,148.1324919
ssp585,0.7294742,22.44580258,8.177650039,102.1701825
ssp585,1.433656069,48.71454738,-0.597955629,249.3898396
ssp585,-1.007234715,22.20078102,-6.187924056,82.63835393
ssp585,6.557769116,21.49758864,-0.490757085,31.49823067
ssp585,-0.248920113,1.547279636,-159.9176345,297.0379281
ssp585,0.099708783,8.664735273,0.068857748,31.27583086
ssp585,-0.014283632,3.032604019,0.190952147,400.3091355
ssp585,7.546210397,23.28379834,0.010908302,31.37210206
ssp585,0.411865328,26.075882,283.5324303,335.8081915
ssp585,6.874399936,33.01605527,2.941961736,80.17975137
ssp585,27.05701204,39.23049671,-5.047406198,136.91646
ssp585,3.370281285,24.07429256,182.0114679,627.8786322
ssp585,-0.179767421,3.256053192,40.69557404,186.0651902
ssp585,-0.047770425,33.06960764,49.65447238,316.3491695
ssp585,6.195649377,35.18210171,225.1731993,415.006601
ssp585,0.31586643,1.729344062,-1.855011623,219.4370045
ssp585,5.580748267,11.56474144,5.851974393,69.34912957
ssp585,0.179115947,8.15982857,2.775142578,33.42688306
ssp585,1.504261924,28.9241979,9.227755556,106.6323067
ssp585,3.459838514,9.80803139,3.469206945,50.56645406
ssp585,13.18694328,21.81093464,-7.391950925,108.9407019
ssp585,1.401525195,6.283583135,-6.945522322,110.8568216
ssp585,0.444545924,22.39593349,27.3414683,84.07046142
ssp585,-0.102585069,26.56256572,376.6230983,435.5421035
ssp585,0.724881222,18.80679553,142.1075926,412.0075401
ssp585,6.991274755,21.94177878,24.46937537,57.18735255
ssp585,1.696266032,17.76152139,-0.343946719,261.1870846
ssp585,14.83030572,37.90902591,241.0088553,433.2517318
ssp585,2.832226654,11.31278578,2.181540929,98.63136926
ssp585,3.61508979,25.20602504,7.48696226,104.4796771
ssp585,-2.510552403,46.29090503,44.45709711,486.7899232
ssp585,-0.036407687,25.18335003,167.810264,266.1619229
ssp585,-0.118571837,1.678307839,-13.09415302,304.6521433
ssp585,-0.137519288,0.748856085,-98.26229848,236.2389109
ssp585,0.24555453,3.737920692,40.72192429,131.0110031
ssp585,14.99870529,37.60601554,7.091249006,227.7497742
ssp585,8.303960136,21.36683578,47.89082281,101.2008224
ssp585,0.048825289,3.739564847,-1.564357179,230.1221444
ssp585,0.275775513,10.03346034,16.36630689,73.33017849
ssp585,-1.490099121,22.71453988,-3.840603791,264.9165328
ssp585,0.767785427,3.342261586,-43.13215803,229.4113176
ssp585,16.6379962,41.22037056,-17.62442429,338.9867526
ssp585,0.07452412,4.16796301,222.7453181,429.5999725
ssp585,1.414623894,13.97659246,-0.04570831,31.10356655
ssp585,7.545799948,21.52327604,37.01617842,95.13517087
ssp585,-0.083697898,1.476157173,-2.16029293,219.6581238
ssp585,-0.912159993,1.902282143,-224.4197437,120.5844935
ssp585,3.394710021,35.21839932,42.28914933,791.0138112
ssp585,0.014232323,10.85906888,27.01178482,58.47040043
ssp585,0.732749577,3.999751012,0.941190612,117.2429516
ssp585,14.97286347,35.58251285,179.7046888,435.4105505
ssp585,5.470831544,24.91351946,29.44203404,250.8977565
ssp585,-1.445943179,1.792698006,21.51990839,134.2013037
ssp585,0.329477495,11.0301502,80.93999961,234.4167207
ssp585,3.659501943,39.78858507,125.1551379,568.7228608
ssp585,11.27066152,25.58484733,84.09560024,232.4888683
ssp585,-0.061577802,1.819888861,-75.85432802,195.5661045
ssp585,0.202980325,3.946387183,0.655464517,86.4493007
ssp585,2.693342113,12.15892385,4.126023019,57.03686531
ssp585,-0.048662517,1.092335375,-4.113136576,365.1603255
ssp585,4.654488099,22.26143475,1.202873905,93.81673593
ssp585,-3.717930527,29.5027077,63.03574405,437.9481961
ssp585,4.310239189,13.68276846,-0.565897528,31.618692
ssp585,0.289436409,15.66478534,-0.032968214,31.14975754
ssp585,0.635323654,7.073671791,119.1346762,191.4315139
ssp585,2.921313386,13.15351654,11.17124686,44.5064516
ssp585,1.618113345,7.614147756,17.61896855,49.55935955
ssp585,-0.004413325,1.445235973,-148.9001529,122.3984956
ssp585,0.780799911,19.76075498,6.42293698,235.6774009
ssp585,1.89909715,15.96977894,87.56400616,234.5454036
ssp585,-0.034367218,2.131493802,-4.136284333,265.9378443
ssp585,9.911113995,22.44252111,217.3977624,652.4192701
ssp585,2.317185612,25.99014668,39.38246976,208.620301
ssp585,11.26132152,22.72264841,1.643150402,204.7289896
ssp585,-2.294268361,15.12227784,128.6134294,528.1241805
ssp585,2.726416395,8.088807027,-12.3808408,108.2625162
ssp585,4.893311563,7.438358698,-36.44414281,390.5454265
ssp585,8.124124268,20.59834763,49.24391828,141.9527084
ssp585,1.207931943,2.750187538,9.266131126,121.1696807
ssp585,0.004473216,6.51509929,0.772847517,226.8851172
ssp585,-0.284699148,1.421166565,-115.485035,156.4608849
ssp585,5.018399746,22.49202327,-0.107301154,31.22867026
ssp585,0.244680905,10.11362351,34.41545592,92.45498413
ssp585,5.835255222,33.63430476,62.77523037,348.7902514
ssp585,-0.121505422,1.732972671,-1.337805853,184.1082415
ssp585,-0.019724345,5.879330847,33.11221741,80.61396505
ssp585,0.472432084,1.547706413,-57.10663075,222.4933301
ssp585,2.418305553,14.1217895,437.221072,848.5043901
ssp585,0.148936751,52.71995407,124.7327307,580.0068108
ssp585,0.517976037,0.884455659,-33.23704199,255.0978806
ssp585,1.527141088,13.17465441,0.041463615,30.89407211
ssp585,-0.055148775,1.490684774,-122.4953592,196.0144449
ssp585,41.84494156,51.27777848,7.025213542,527.5662645
ssp585,0.043409051,0.465854704,-30.31540519,271.8174055
ssp585,-5.283519169,26.3761609,384.9365407,527.8449169
ssp585,2.700121593,28.29464394,-4.605401863,49.79278899
ssp585,0.359386027,5.003358286,4.697093339,196.3818708
ssp585,0.29863234,3.152966076,-1.16419798,245.3844107
ssp585,1.588615572,14.48213315,-0.297290034,31.30873009
ssp585,-0.130407983,0.71311564,-90.84148079,288.4665442
ssp585,0.438392638,1.90425111,-51.35760888,129.4622253
ssp585,7.806701156,19.23812879,34.96754244,82.47549793
ssp585,0.428445513,3.665815789,40.5368829,183.970699
ssp585,-2.735636559,3.075621343,35.95717998,83.04871598
ssp585,0.134690292,8.17138662,0.07889239,30.65713349
ssp585,-0.061998025,1.895782954,-149.8261849,120.7551724
ssp585,-0.030690734,1.745381871,-130.2889006,183.0999981
ssp585,-0.290151314,1.845197605,-5.639914728,300.3127328
ssp585,-5.216966946,12.36775218,81.71651,510.0537745
ssp585,8.554097238,26.71650218,8.978279961,225.1133269
ssp585,0.275024726,12.52297086,0.065609079,30.84217051
ssp126,-2.847894031,3.314342022,-0.864372899,186.4913711
ssp126,0.410680602,3.860702346,35.47128472,185.3571721
ssp126,0.771586342,22.10523816,6.028814307,101.5101967
ssp126,5.665413773,9.777057651,-29.57886669,95.25030254
ssp126,-0.122650229,1.659395148,-11.97911165,300.5804103
ssp126,0.071598178,7.090197515,0.928189113,144.0494622
ssp126,-0.007316564,1.764616612,-0.510466791,310.927585
ssp126,0.067894155,7.54089763,1.842323872,141.805316
ssp126,-0.044208093,1.572254506,-0.878933217,209.0077694
ssp126,0.260821804,3.266637865,53.16366131,403.6653869
ssp126,-0.106264999,1.77853766,0.151925764,121.7075429
ssp126,0.690671197,28.98181959,-0.308577221,182.2973131
ssp126,1.146573247,16.86858044,3.025725472,252.8642898
ssp126,0.001641994,0.797388437,-104.9329928,203.3324776
ssp126,-0.129838905,3.364741197,0.303751194,177.6272782
ssp126,-0.025763836,0.848206017,-2.278541341,225.7357055
ssp126,9.061719833,24.39338103,14.27814097,629.1043872
ssp126,-0.124761347,3.448113902,-2.239759782,137.8059857
ssp126,0.116558701,8.051043692,-0.014543253,31.62328192
ssp126,-0.96978232,15.20564924,65.68293092,218.1408033
ssp126,0.444820922,22.92415507,0.013294255,281.4925783
ssp126,0.217541133,4.514026094,-1.414150434,124.3121213
ssp126,6.751878935,21.27315631,-0.052816407,31.39736462
ssp126,0.753217329,16.53684214,3.106154284,212.9472173
ssp126,0.554833278,16.2194911,-0.224104675,32.31175687
ssp126,0.030996951,27.86822916,136.4811212,407.6550049
ssp126,0.186961413,1.174518023,-0.836764088,133.5197102
ssp126,0.103940104,6.828307614,-1.080725893,83.0496378
ssp126,-2.617547755,24.88598524,1.55999635,338.4709782
ssp126,0.157457398,1.471089149,14.43204807,128.9164535
ssp126,-0.067332082,1.465817294,-4.982583829,253.4221194
ssp126,0.129934492,3.995042047,76.95189254,197.3984367
ssp126,0.59619933,7.244459744,-0.586610975,126.2329866
ssp126,0.1337652,7.221262121,0.824536284,75.83137537
ssp126,5.498040116,20.16786756,20.12705716,51.0082181
ssp126,-0.262980123,1.607902908,-10.94560323,691.5132344
ssp126,0.117515433,7.766512581,4.607377353,92.25638329
ssp126,-0.03789043,6.077645209,1.255350951,82.46756963
ssp126,0.641732201,4.398449947,-0.410392687,228.4137678
ssp126,0.059005221,4.778018894,0.951215413,192.1986921
ssp126,7.063079851,21.95098426,256.2336254,413.9593782
ssp126,-1.308339711,24.55746622,-35.48023418,189.0178829
ssp126,4.102191318,12.14419126,-0.182917093,239.6394178
ssp126,0.105559119,7.171189198,6.467664352,92.84992884
ssp126,-0.063219168,1.48091667,-1.373950841,216.9155722
ssp126,0.028731068,4.188693933,81.24195499,209.1510186
ssp126,0.773373734,22.82661181,1.763466593,261.1758044
ssp126,-0.102674156,3.304201377,0.858573904,148.0419387
ssp126,0.147404424,6.901749746,26.07341386,148.0432054
ssp126,-0.179888129,1.551628397,-31.37269515,411.6031277
ssp126,1.093648905,25.70165407,1.676775461,219.8981006
ssp126,0.542877624,20.9774889,60.60625728,248.7609467
ssp126,0.401043539,3.771508083,1.850445642,103.6211389
ssp126,0.039305976,3.905958228,-82.50229387,120.7588823
ssp126,0.644795514,16.54116434,2.838838474,216.864589
ssp126,-0.107364254,3.174376632,0.505092296,178.7579126
ssp126,0.056533691,7.193270378,0.972343142,100.1945573
ssp126,-0.085956057,1.728180026,-55.78918381,190.6639164
ssp126,-0.068014064,2.960948663,-131.1090733,196.8867577
ssp126,-4.556364948,24.09498974,8.816812058,440.3649304
ssp126,0.196589163,7.875240113,1.993731109,214.8359396
ssp126,6.707016667,10.87248633,-68.89517222,230.1085351
ssp126,2.596305912,12.32721786,80.32681851,179.3280178
ssp126,0.007634324,12.22453217,-0.002413264,403.6342526
ssp126,0.402076038,21.22446143,3.252656348,94.56040096
ssp126,0.255832755,8.920919497,2.018599129,218.1660927
ssp126,0.085674122,2.21418916,59.31101164,192.8110298
ssp126,0.301745121,9.680476929,19.13914572,50.61064612
ssp126,0.820220604,12.44022002,84.78580533,229.3479984
ssp126,-0.072038983,1.499441463,-2.107000447,222.3856685
ssp126,0.088052486,1.206634526,-2.224469303,119.1644583
ssp126,0.121350496,2.712181374,4.427940781,140.0098323
ssp126,-0.00838421,4.228547242,1.22431935,140.5364017
ssp126,0.911499024,6.978026839,36.25433938,132.7497516
ssp126,0.065225023,1.860432371,41.98912938,224.5221124
ssp126,0.037279234,4.070965992,0.672112006,209.6026176
ssp126,1.036613425,37.57808906,89.34410553,437.4299719
ssp126,-0.075231361,1.756302894,-11.52947444,409.254974
ssp126,0.658523794,13.03481173,-1.412764095,140.504068
ssp126,-0.22898579,2.22529787,1.891606886,593.7611216
ssp126,0.077244554,7.952790585,2.246890762,146.4734686
ssp126,17.57024467,37.31545357,-2.817674316,176.0341713
ssp126,1.316469653,27.95844382,2.364519929,253.7968303
ssp126,-0.234754074,3.24871176,-6.783210179,142.6495784
ssp126,-0.087747915,3.184813727,-0.154633244,186.2687773
ssp126,0.426160156,5.632382672,-1.299296897,133.9580126
ssp126,-0.157026467,0.757792685,-2.841728855,206.6286441
ssp126,0.588544095,25.40060728,136.3191005,359.8736201
ssp126,-0.011637876,5.52269759,24.19248375,94.87648702
ssp126,0.062110422,6.323437572,49.38374988,490.4713697
ssp126,0.768140913,7.168908258,0.090761817,191.8047214
ssp126,-1.507460682,17.17599197,4.105338621,210.0650684
ssp126,0.492337875,19.93103275,3.872271346,87.10728827
ssp126,0.26185196,11.06034236,172.0020581,482.3595278
ssp126,4.415856994,9.208284101,3.650799716,231.5655087
ssp126,3.86278967,9.721031324,-0.200563985,192.3569383
ssp126,-0.10776327,3.250218336,-1.116492626,187.1077578
ssp126,0.009324775,4.567428533,0.89025347,212.3913814
ssp126,2.254599517,9.744536338,1.728204831,46.56814434
ssp126,0.124117893,1.614345011,-2.929999976,120.0654549
ssp126,4.212822764,23.0096005,0.132967149,91.36103766
ssp126,0.064615124,5.318199764,2.29367481,216.6065133
ssp126,-1.823323272,18.01606955,8.921729552,420.0512621
ssp126,-0.239455395,1.651373926,-0.213277727,184.2155575
ssp126,-1.033714147,1.867980101,98.53326164,343.7451748
ssp126,-10.19829915,26.4205559,11.18771905,424.5789247
ssp126,15.24063385,24.015817,9.592891436,432.3692913
ssp126,-0.067041666,2.821917566,0.132517202,119.406936
ssp126,7.546252429,33.45423646,2.691332864,76.68172616
ssp126,0.10565935,1.403068679,-0.374000331,193.738996
ssp126,0.068873248,1.621805204,-15.66311707,118.951125
ssp126,0.333373254,10.83262659,1.976637463,64.06574835
ssp126,-0.18235723,1.714827194,-30.27639805,420.5354484
ssp126,0.226981628,2.053355091,-13.46838621,117.1729347
ssp126,-0.011843655,0.831448412,-2.638672686,361.4474271
ssp126,0.283892145,12.94167753,0.413643648,56.91986171
ssp126,6.106200692,16.14659124,15.59856666,425.3354672
ssp126,-0.107087204,1.697569896,-45.74845178,454.3149368
ssp126,0.732361035,20.71251518,4.228157202,188.5427436
ssp126,6.632955924,26.91305572,374.7315552,620.1004749
ssp126,4.354898268,25.6734091,1.768764012,256.0762672
ssp126,0.030183553,4.309835406,0.966897654,208.4765613
ssp126,-0.000220897,0.606395051,-2.060231829,323.8115578
ssp126,0.002783566,0.72061666,-1.110629535,291.7252963
ssp126,9.083863568,23.79229287,20.38274779,52.96872124
ssp126,0.365017207,2.375618217,61.16535657,292.2697149
ssp126,5.369075428,25.38358566,3.18160739,195.8425513
ssp126,0.032791951,3.284554695,-1.069168948,109.4589608
ssp126,0.670026207,1.99383479,71.13474326,321.3414038
ssp126,2.629109786,27.48902177,8.357652956,425.0487554
ssp126,2.60941398,24.42127373,-0.082270859,54.24384429
ssp126,1.041463812,14.56566315,2.890664981,147.5092766
ssp126,0.128312556,3.085457067,-1.176411329,117.492443
ssp126,3.227484167,6.187125967,-2.521908412,123.7243181
ssp126,22.13936099,65.27893973,-1.276261056,225.3405533
ssp126,0.13225716,11.02355524,1.447101646,153.2291362
ssp126,0.515279694,21.66066376,3.770859126,96.83543966
ssp126,-0.908764572,1.962635125,-57.60781325,200.0762718
ssp126,0.174686938,7.020088454,56.63832055,126.5327688
ssp126,1.266874745,14.61531306,70.43135732,327.556515
ssp126,6.740091399,31.06658553,2.578396816,59.13130964
ssp126,-0.854974376,0.768163817,-15.04625682,428.4599611
ssp126,-0.010573685,1.464654109,-2.892298441,367.5248208
ssp126,0.901265047,6.979824435,26.06906264,135.760586
ssp126,0.222753536,13.45896821,11.72688665,130.5165168
ssp126,-0.113199362,3.189655656,83.78150754,277.7217687
ssp126,-0.073148975,1.572913459,-11.14386423,361.4717366
ssp126,0.170689197,1.438670688,-68.59687995,139.85107
ssp126,-0.007258622,4.441599539,5.82044818,137.6242421
ssp126,0.117106851,10.6895202,-0.164663086,31.70467579
ssp126,0.907337586,22.2533427,-0.125654971,31.49170836
ssp126,0.037143926,4.005822124,24.93661956,134.9922954
ssp126,-0.288915489,16.60073749,242.3918244,929.4608695
ssp126,0.071879374,7.163619257,36.77724228,114.7317571
ssp126,-0.05150393,1.592339234,-1.507805263,247.485168
ssp126,0.035550335,5.015823275,2.525543545,146.9457119
ssp126,0.431664378,6.79139141,129.9871643,321.6852011
ssp126,1.063373716,22.43889246,23.41300231,55.0563352
ssp126,0.274530883,7.216596217,-3.279948604,115.0764148
ssp126,0.810986337,36.1335218,5.940159245,451.3402513
ssp126,14.74428977,31.57040153,-57.03157343,85.29917803
ssp126,-0.002508532,2.571797005,-0.108914771,487.1524167
ssp126,4.103670572,8.945768267,1.218820142,142.470245
ssp126,-1.870116147,24.14325087,2.01279924,226.5646205
ssp126,1.220470441,22.17016152,6.003826197,216.91871
ssp126,-0.056270536,1.630093109,-7.73517254,362.8841653
ssp126,9.670253891,18.3172995,-0.202257952,97.67721368
ssp126,0.025496643,4.268236715,-2.132804296,142.3829115
ssp126,0.5336427,93.50605272,-25.77298874,240.4748061
ssp126,0.527970148,9.05168151,2.707982565,316.7565651
ssp126,-2.497260484,3.057634876,0.962951562,112.451995
ssp126,4.229848593,16.41617077,5.620830617,139.5376457
ssp126,-1.453626134,13.22485004,21.08823078,190.9390616
ssp126,0.130842052,16.06245402,0.000694911,31.15459192
ssp126,-0.054523309,1.841368785,-54.84005737,126.5054494
ssp126,11.78126028,17.1652071,-1.315079336,122.6959744
ssp126,3.940717135,26.52491267,171.1127489,254.7806469
ssp126,0.104047791,26.69213768,34.94939501,93.46785118
ssp126,1.090557665,17.49810856,80.71890567,220.801529
ssp126,-0.013352293,2.25901973,0.508575299,388.8474083
ssp126,-1.116245637,1.476182443,-1.045915672,207.1510378
ssp126,2.56179153,18.91941683,2.334244081,221.2411214
ssp126,3.440144253,26.0271696,17.55453245,599.9445105
ssp126,0.012278273,1.791308495,-29.99263854,459.8409743
ssp126,0.085246542,7.361120811,1.842719655,133.1705353
ssp126,0.279049343,3.4300295,8.836317743,371.6521483
ssp126,1.485512461,22.75088893,8.682867141,440.2996116
ssp126,2.44250118,10.60866578,0.576174738,67.61003819
ssp126,1.246071683,24.67937127,114.8347914,438.1952731
ssp126,-0.051600775,1.49258458,-0.358196386,184.7740034
ssp126,0.000312755,1.078935493,-0.762936897,199.924417
ssp126,-0.060284386,1.548967486,-4.931771193,277.942781
ssp126,10.66681418,21.36151575,-2.158183207,149.0803206
ssp126,0.740153974,15.33924654,185.1135539,417.1661896
ssp126,-0.027928953,1.039099071,-95.39171221,279.1368987
ssp126,0.734713873,21.48309701,280.6506852,638.2308852
ssp126,-0.447241389,15.11488188,19.51153427,484.6350863
ssp126,0.17107376,1.63420446,-1.669405191,118.2052867
ssp126,0.166747866,1.527399621,-0.566712008,178.4434193
ssp126,0.271331144,15.45163357,-0.002641296,31.25646471
ssp126,0.482138067,7.24694185,-1.591125041,120.4140177
ssp126,1.536608673,13.35358413,-7.967506114,692.4371609
ssp126,1.853094351,7.990256676,16.98257936,49.11954632
ssp126,0.275448157,5.390724412,-0.222128791,266.4267239
ssp126,0.089103426,7.91672314,2.613585476,144.6689925
ssp126,0.09266409,7.856628152,2.184300822,147.1327899
ssp126,0.00063293,1.272461486,1.109775486,684.4820759
ssp126,-0.104813943,1.629660366,-110.1547616,282.6401951
ssp126,1.303948775,20.52074436,-0.17285649,31.61189969
ssp126,0.247069237,13.18913163,-0.043043306,31.67918073
ssp126,-0.18341845,0.845174262,-92.60642693,330.015241
ssp126,0.690131607,13.62413874,41.00669026,438.9094992
ssp126,3.250733662,6.069302502,-0.000929504,97.23632242
ssp126,-0.067107427,2.741150447,-0.484591483,194.5248205
ssp126,2.238364458,9.884018478,1.795275149,142.8621967
ssp126,-0.035497092,5.96144446,63.82090405,140.0347172
ssp126,0.340576059,10.14526257,3.371484024,149.1355679
ssp126,0.309717476,14.04611799,42.43910622,153.5610049
ssp126,-0.244291269,5.949528098,0.375433865,81.9294226
ssp126,0.090164769,1.387799605,-1.176745619,183.6328452
ssp126,-0.004066664,2.48354437,3.326361868,132.3582459
ssp126,-0.031222099,0.82253863,-15.44055291,307.2881693
ssp126,0.800223695,12.68456798,28.9729008,90.32537307
ssp126,0.92078935,22.03068312,-18.43872573,127.2649696
ssp126,-0.036154688,3.618045859,-1.024736246,124.2186894
ssp126,-1.018438085,5.802073509,5.118672725,69.74802811
ssp126,0.191587819,2.071315574,-2.062738642,120.2472724
ssp126,-0.017179641,6.196175217,-32.6863608,30.76623193
ssp126,-0.817950334,26.84645216,8.600153123,322.7045439
ssp126,4.377239223,22.3630017,-0.076089747,31.47135783
ssp126,0.052524017,8.66688788,0.003339885,31.22953524
ssp126,0.125471696,5.157900562,1.335598625,215.8154213
ssp126,0.973243183,26.60071522,16.57889186,505.8602373
ssp126,0.229914017,10.63525109,-46.93371551,102.3019061
ssp126,-0.074517416,1.384145906,-2.082896816,215.1331487
ssp126,9.351600287,23.40634234,11.49692434,646.8373265
ssp126,5.63381354,29.05980366,15.75042283,122.3064374
ssp126,-0.493148646,22.0313635,2.541571338,85.26320819
ssp126,0.376738032,6.703659074,20.97697709,138.7018534
ssp126,-0.03065074,1.976479767,2.250377436,172.3014649
ssp126,15.15359618,26.71789279,-0.89012573,100.622158
ssp126,9.988085045,27.53203415,2.849013586,76.48718839
ssp126,0.068981041,8.06368171,2.10479179,146.6001661
ssp126,0.451441503,12.36337391,-31.71501133,192.3896614
ssp126,2.331885125,23.83662288,103.7414973,435.9936044
ssp126,-6.225852671,39.39788587,-1.665970439,171.6828595
ssp126,0.368842914,10.74494641,87.41219974,229.5932425
ssp126,15.76023467,39.77390123,5.904902162,730.9948266
ssp126,-0.01096035,0.784728674,-1.13033983,217.5319286
ssp126,0.961843714,4.356106957,12.60729127,210.7627644
ssp126,-1.430929147,35.42099525,11.92420238,613.7021403
ssp126,-1.637671076,29.34988901,3.744166411,150.469889
ssp126,0.074299782,7.89744479,2.603716278,142.345894
ssp126,17.73969469,42.05432922,7.19875193,454.0226587
ssp126,0.629698051,21.27257299,6.129620442,136.4864188
ssp126,0.057928655,2.355203764,-2.908393614,130.5672924
ssp126,0.003014824,12.05768461,-0.011852009,406.7072486
ssp126,-0.932588356,88.10702407,-0.868909021,244.6552468
ssp126,5.288827466,28.66812886,2.303756921,91.34982524
ssp126,0.04574798,2.183874399,20.25029679,123.7250805
ssp126,3.957420644,9.038433849,3.227781702,144.690684
ssp126,2.611632227,14.52135786,2.651721019,131.4463108
ssp126,0.189795999,16.1345792,145.3967063,273.875278
ssp126,0.600980605,33.61939349,321.5834148,441.513006
ssp126,1.178506158,18.25966397,1.827897225,184.8344025
ssp126,11.10242184,35.42982955,178.280007,437.3008302
ssp126,1.782352223,15.95353291,5.188430128,102.2675366
ssp126,0.024023785,3.7815647,66.49757937,174.6515285
ssp126,10.51031663,19.89585425,-28.13754873,295.253042
ssp126,0.573197427,26.81316477,187.0934716,442.7457554
ssp126,0.598544403,3.597990851,-3.718892823,98.67765357
ssp126,0.131074549,13.02275453,-0.031245535,31.35874272
ssp126,0.538658198,9.17556284,58.37893115,233.7141308
ssp126,0.243520316,9.678674546,0.894829693,114.6299534
ssp126,-0.03668202,3.218348891,-0.624350855,207.5238915
ssp126,2.733171247,28.3210164,21.99317114,74.53344675
ssp126,-0.000773679,1.436154314,-4.338815841,265.0909199
ssp126,0.86985316,16.56915516,0.09540345,31.32186595
ssp126,6.058589149,26.77202003,7.376917727,416.5701834
ssp126,0.052991885,11.34070629,12.43263945,429.0184793
ssp126,-0.040076143,1.942708813,-2.710264816,268.2295525
ssp126,0.14562453,2.026024614,30.84254362,231.0505074
ssp126,13.50169066,34.78655742,1.314280588,260.6085862
ssp126,0.641873225,11.67461606,3.406736798,386.6051684
ssp126,4.769622853,9.912355445,2.829536845,149.2616136
ssp126,0.086613281,7.586888621,0.636361578,50.14826591
ssp126,-0.021036017,26.93794571,-59.73186268,102.0762669
ssp126,-1.721116465,16.74733138,191.015668,612.0413015
ssp126,-0.083495213,1.720885004,79.90212144,273.7557813
ssp126,0.07183427,2.943526697,7.840977277,121.0443605
ssp126,-0.033073676,1.725350881,-2.190246296,299.0979867
ssp126,7.579414408,18.16104936,-1.634448593,131.2624423
ssp126,-0.079804245,1.935303979,-0.241732992,184.4391533
ssp126,-0.067219653,1.400101802,-6.199184309,249.115994
ssp126,8.310702044,24.69176987,0.444114138,185.6384886
ssp126,0.56763868,23.50816297,39.5597628,98.69080231
ssp126,-0.04801381,1.408345081,-1.049475153,214.3781458
ssp126,0.298355251,8.842325052,-6.108485324,215.1359884
ssp126,0.985448398,4.04745305,-3.754163194,122.969115
ssp126,0.743582356,15.24729765,83.67947076,232.4709329
ssp126,1.159878839,36.20784678,65.31508572,324.2724577
ssp126,1.582233723,20.8124553,29.16985037,250.9169043
ssp126,-2.695251494,8.767970519,-0.00454906,31.21841169
ssp126,0.262640668,16.54871214,-0.010929072,31.05039479
ssp126,0.627541994,15.30238674,16.10384108,205.797364
ssp126,-0.173468461,3.216486441,25.75622139,174.1815844
ssp126,10.5458225,53.05282221,125.9870615,580.7914299
ssp126,0.065784024,8.073054075,0.000141385,31.0917839
ssp126,0.070212332,23.70055642,0.124305667,92.61760815
ssp126,-0.031181319,6.117580803,1.056396001,78.77993025
ssp126,7.226746563,33.84416268,280.8115598,397.3832854
ssp126,-0.121354137,1.733397932,-70.14926727,121.3140021
ssp126,-0.116331657,1.566316393,-70.48954374,263.6233524
ssp126,0.934008368,3.545936857,142.570257,377.3697008
ssp126,4.471141191,28.49040421,75.03230827,405.4007281
ssp126,0.651765657,7.002953586,-2.148277231,93.88112081
ssp126,0.230268025,9.708738795,3.94330795,65.92671391
ssp126,-1.586591658,24.39413186,209.2626543,636.9513804
ssp126,0.753206472,20.33000653,2.28879457,235.9820761
ssp126,0.839540086,21.07792001,2.185785505,254.8589467
ssp126,0.030711383,9.829352424,-0.204857897,30.44893577
ssp126,4.44744414,20.08215333,3.072881091,124.3917963
ssp126,-0.092184791,2.957144766,-0.621390941,188.0743691
ssp126,1.980434281,8.001965782,-0.713268382,32.52807564
ssp126,-0.044685803,1.788990584,-74.65933598,128.8718183
ssp126,0.294010359,2.19349166,-0.924351167,277.2057741
ssp126,-1.485569734,21.55246269,-0.060860166,31.39419929
ssp126,1.245180253,19.0330939,81.95775921,208.885286
ssp126,0.392757295,8.516247982,0.732869869,109.4395181
ssp126,0.84464586,14.77580593,3.399818892,251.4654614
ssp126,5.269687761,25.08921851,1.082798235,225.0974175
ssp126,5.759011242,9.858998234,-2.230610618,123.9267521
ssp126,0.050139501,12.6133189,0.005361137,30.99660362
ssp126,1.188714682,22.5592784,3.994272166,265.5635767
ssp126,1.844396099,6.820035383,-0.328926061,213.8924074
ssp126,-0.022225693,1.608768703,-0.294593395,222.9075056
ssp126,7.285842817,13.1005998,-0.261736669,100.4046399
ssp126,2.523979893,15.38183198,-0.004240567,31.04953525
ssp126,-4.483040798,31.9614416,54.06615109,326.9162835
ssp126,0.804774297,14.45892008,-1.903433196,130.6596485
ssp126,0.064270166,23.6971286,-0.037454084,31.17928114
ssp126,0.171266496,6.846968042,1.760406102,126.8214723
ssp126,0.503611365,3.692738311,0.075964107,182.0858334
ssp126,0.13354767,22.20138187,1.585330838,150.480824
ssp126,2.305355632,21.93120487,-62.40341104,279.3931349
ssp126,-0.007944863,7.170255737,1.211382352,141.4169604
ssp126,-1.143952089,1.531543281,-16.51894676,190.2271488
ssp126,0.027704765,4.308903475,74.722191,238.9796288
ssp126,-0.091695284,1.606254733,-71.4554256,179.2748742
ssp126,0.157602869,16.13367692,5.831605509,49.66077116
ssp126,0.071662348,3.571637524,49.61936005,130.5879727
ssp126,1.54582446,21.30656928,6.366125603,140.2246477
ssp126,0.265533408,15.58588889,-0.130728692,31.70241641
ssp126,0.370477851,4.080070501,1.989018873,172.010205
ssp126,-0.002510494,2.9988863,0.005565365,400.94143
ssp126,6.761718987,21.26458287,-0.064942955,31.3826615
ssp126,0.725042015,26.71663812,191.3004475,414.8888668
ssp126,7.138316873,20.93505041,32.81639905,90.87353068
ssp126,-0.702229857,1.938439049,-24.32622385,360.9814061
ssp126,-1.569513706,25.48794362,193.2903776,617.7304179
ssp126,0.516627664,9.637115046,3.573392765,234.6923629
ssp126,5.218791109,17.75733483,1.325639344,86.38043291
ssp126,0.284708244,10.84418138,3.122258399,153.510448
ssp126,1.028639523,21.15728432,2.482133169,283.2545658
ssp126,1.084317901,35.29292602,4.256388059,328.2738202
ssp126,-0.345147751,2.079561204,-30.62501507,409.8424516
ssp126,0.945773742,26.16796329,1.852872483,753.8090582
ssp126,0.691526955,25.13291277,18.22546992,49.82535471
ssp126,5.561921145,22.52286441,4.671630484,145.2574647
ssp126,1.018377855,20.72706693,4.822826228,256.7127498
ssp126,0.581580936,21.26330065,24.49108513,56.24105754
ssp126,6.668189957,9.841569207,-6.100562267,348.7175194
ssp126,0.108117828,12.66485356,-0.033748072,31.2681614
ssp126,0.215845924,10.51564451,0.073816031,30.35246831
ssp126,1.03211608,24.42462706,23.84146807,55.32360132
ssp126,0.03864047,5.464815695,0.209608064,57.84692692
ssp126,5.485816955,23.99179901,2.160630488,221.6811266
ssp126,0.531439168,15.13020206,3.502084874,219.6002912
ssp126,-10.64101735,23.72101519,8.902146596,434.4953793
ssp126,0.036515931,5.44254641,1.342581303,221.1164326
ssp126,0.077771716,32.26963162,13.19643384,283.8734417
ssp126,0.397333714,16.939004,-0.032068675,31.3972787
ssp126,0.233875084,13.18974664,-0.430621685,32.56506418
ssp126,0.047338662,2.540457421,49.22869148,451.5979936
ssp126,-0.083933572,3.183807791,39.42201528,188.3988846
ssp126,0.633847212,13.46101756,-1.237577709,136.4592878
ssp126,0.122801228,3.07586544,-0.322378706,263.9041576
ssp126,2.1897194,27.04585037,1.254266717,148.9666215
ssp126,-0.004909297,2.490838246,0.217091983,475.8415365
ssp126,0.076732513,8.169056983,0.012923288,31.35007064
ssp126,9.648364129,19.63664061,4.618825453,423.8712807
ssp126,0.057751577,11.58268043,0.005966496,30.9225496
ssp126,5.699692526,9.815910819,-3.337720235,123.9841561
ssp126,0.086664901,11.93817077,-0.004114785,30.61172977
ssp126,-1.122361576,28.78310054,1.19471905,217.0701524
ssp126,1.426130628,34.85053313,38.0141383,553.3407101
ssp126,0.188146784,5.699050695,-8.808647184,112.1385909
ssp126,0.200613174,10.78898583,66.47674832,216.5573106
ssp126,-0.04051073,5.913820219,-1.042697001,92.01160472
ssp126,0.466491888,22.18282027,4.321278223,98.31381064
ssp126,0.571268287,47.85215959,-0.477985026,249.5098102
ssp126,-1.159895143,22.0481206,0.511383905,89.33766189
ssp126,0.539315372,15.4791349,-0.228571653,31.7604161
ssp126,-0.146016857,1.650182893,-147.4720914,309.4834712
ssp126,0.025832892,8.590859382,0.096241705,31.30321482
ssp126,-0.004619203,3.042268448,-0.006498553,400.1116848
ssp126,1.018042399,16.75563034,0.042296904,31.40349066
ssp126,0.275919957,25.93993663,35.74938624,88.0251475
ssp126,0.571852734,26.71350807,1.938809892,79.17659953
ssp126,0.757924904,12.93140958,-1.681090652,140.2827755
ssp126,0.015675304,20.71968658,8.103027152,453.9701915
ssp126,-0.080684605,3.355136008,1.030824755,146.4004409
ssp126,-0.000106991,33.11727107,21.80932561,288.5040228
ssp126,-1.921214288,27.06523805,50.61292072,240.4463224
ssp126,-0.044922326,1.368555306,-1.48669902,219.8053171
ssp126,0.09132185,6.075315022,3.470689391,66.96784457
ssp126,0.070205555,8.050918178,0.034957281,30.68669776
ssp126,0.751170975,28.17110695,4.972475462,102.3770266
ssp126,1.622856758,7.971049633,1.608026429,48.70527354
ssp126,10.56807805,19.19206942,-1.357873716,114.9747792
ssp126,0.826581263,5.708639203,-5.441561771,112.3607821
ssp126,0.312534483,22.26392205,22.93188059,79.66087371
ssp126,0.079946581,26.74509737,1.683634184,60.60263936
ssp126,0.640767454,18.72268176,1.147427335,271.0473748
ssp126,2.570756035,17.52126006,-0.338800665,32.37917651
ssp126,0.6778944,16.74314976,-0.328010783,261.2030206
ssp126,6.156527664,29.23524785,2.548039118,194.7909157
ssp126,1.614106217,10.09466534,1.374027529,97.82385586
ssp126,0.563805322,22.15474057,33.90764142,130.9003562
ssp126,4.413311451,53.21476888,7.711872543,450.0446987
ssp126,0.011601048,25.23135877,1.064363255,99.41602209
ssp126,-0.060392747,1.73648693,-6.603376433,311.1429199
ssp126,-0.140234896,0.746140477,-8.389933101,326.1112763
ssp126,0.256681151,3.749047313,41.72028239,132.0093612
ssp126,13.80819328,36.41550353,5.219392237,225.8779175
ssp126,0.30647194,13.36934758,1.202371295,54.51237093
ssp126,0.008499667,3.699239225,-0.700042583,230.986459
ssp126,0.119999901,9.877684726,0.595170202,57.55904179
ssp126,-1.127718704,23.0769203,1.427493988,270.1846306
ssp126,0.266638848,2.841115008,9.850971603,282.3944472
ssp126,14.10226661,38.68464097,-12.30614358,344.3050334
ssp126,0.040523933,4.133962823,0.761044382,207.6156987
ssp126,1.361258917,13.92322748,-0.011302396,31.13797246
ssp126,7.098689377,21.07616547,1.561495254,59.6804877
ssp126,-0.064627518,1.495227553,-1.703719998,220.1146967
ssp126,-0.057185855,2.757256281,-4.650698922,340.3535383
ssp126,2.951766476,34.77545578,19.58821712,768.312879
ssp126,0.025515534,10.87035209,-0.088627596,31.36998802
ssp126,-0.023651341,3.243350095,0.485383395,116.7871444
ssp126,7.969890192,28.57953957,2.404381163,258.1102429
ssp126,5.062355929,24.50504385,3.139813822,224.5955362
ssp126,-0.150081958,3.088559228,25.50753932,138.1889346
ssp126,0.224075367,10.92474807,2.132297427,155.6090185
ssp126,0.587284337,36.71636747,9.029515213,452.5972382
ssp126,10.21441848,24.52860429,1.778831034,150.1720991
ssp126,-0.033388982,1.848077682,-2.828747712,268.5916848
ssp126,0.06542644,3.808833298,0.495888137,86.28972432
ssp126,0.188533729,9.654115471,2.030146442,54.94098873
ssp126,-0.02379772,1.117200172,-3.670270663,365.6031914
ssp126,4.177218194,21.78416485,-0.018146765,92.59571526
ssp126,-3.963959922,29.25667831,23.03099306,397.9434451
ssp126,4.263974336,13.63650361,-0.201164298,31.98342523
ssp126,0.17467673,15.55002566,-0.00234793,31.18037783
ssp126,0.236756204,6.675104341,57.32354908,129.6203868
ssp126,2.308250289,12.54045344,-0.747237759,32.58796698
ssp126,1.47261685,7.46865126,16.62197132,48.56236232
ssp126,-0.01527081,1.434378487,-0.898966337,270.3996821
ssp126,1.149456719,20.12941179,3.77060649,233.0250705
ssp126,1.018497313,15.0891791,83.69490134,230.6762988
ssp126,-0.014822911,2.151038109,-0.024788983,270.0493397
ssp126,7.272356773,19.80376388,193.7862944,628.8078021
ssp126,5.804195452,29.47715652,0.408125636,169.6459568
ssp126,6.298792288,17.76011917,0.502161922,203.5880011
ssp126,-0.210423957,17.20612224,144.9510063,544.4617573
ssp126,0.727554256,6.089944888,2.966372836,123.6097298
ssp126,3.133983466,5.6790306,4.091985816,431.0815552
ssp126,0.493719112,12.96794247,43.19856716,135.9073573
ssp126,0.040247663,1.582503257,3.211677058,115.1152267
ssp126,-0.003171906,6.507454169,0.027519778,226.1397895
ssp126,-0.182360688,1.523505025,-150.5744284,121.3714915
ssp126,0.725912597,18.19953612,-0.019422094,31.31654932
ssp126,0.106861845,9.975804451,0.451104315,58.49063252
ssp126,5.848995684,33.64804522,26.88428022,312.8993013
ssp126,-0.056396575,1.798081519,-0.533204996,184.9128423
ssp126,-0.038290538,5.860764654,30.90780757,78.40955521
ssp126,0.485010701,1.56028503,-58.39079766,221.2091632
ssp126,0.084907251,11.7883912,423.5467037,834.8300217
ssp126,-6.934053668,45.63696365,3.183652455,458.4577325
ssp126,0.376736259,0.743215881,-42.99624288,245.3386797
ssp126,1.317572979,12.9650863,0.025379379,30.87798788
ssp126,-0.04280681,1.50302674,-4.482091221,314.0277128
ssp126,26.95534896,36.38818588,2.485640454,523.0266914
ssp126,-0.005935036,0.416510617,-44.3121866,257.820624
ssp126,0.241621255,31.90130132,351.8515025,494.7598788
ssp126,1.075180358,26.66970271,-0.117343548,54.28084731
ssp126,0.16414591,4.808118169,2.308554688,193.9933321
ssp126,0.150663319,3.004997055,-0.859737115,245.6888715
ssp126,0.259625721,13.1531433,-0.117246158,31.48877397
ssp126,-0.035069352,0.808454271,-14.99843071,364.3095943
ssp126,-0.009109608,1.456748863,-0.14327458,180.6765596
ssp126,7.390012827,18.82144046,3.417641627,50.92559712
ssp126,-0.056874072,3.180496204,40.63864009,184.0724562
ssp126,-0.030369551,5.780888351,1.009452231,48.10098823
ssp126,0.058697731,8.09539406,0.040071054,30.61831215
ssp126,-0.032926084,1.924854894,-2.489924383,268.0914329
ssp126,-0.013643575,1.762429029,-1.281520631,312.107378
ssp126,-0.127477029,2.00787189,-2.540696064,303.4119515
ssp126,0.80884236,18.39356149,53.77658315,482.1138476
ssp126,1.336270376,19.49867532,4.05362222,220.1886691
ssp126,0.141384184,12.38933032,0.03870558,30.81526701
present,,6.162236053,,187.355744
present,,3.450021744,,149.8858874
present,,21.33365182,,95.48138244
present,,4.11164388,,124.8291692
present,,1.782045376,,312.559522
present,,7.018599337,,143.1212731
present,,1.771933177,,311.4380518
present,,7.473003476,,139.9629922
present,,1.616462599,,209.8867026
present,,3.005816061,,350.5017256
present,,1.884802659,,121.5556171
present,,28.2911484,,182.6058903
present,,15.72200719,,249.8385643
present,,0.795746443,,308.2654704
present,,3.494580102,,177.323527
present,,0.873969853,,228.0142468
present,,15.3316612,,614.8262462
present,,3.572875249,,140.0457454
present,,7.93448499,,31.63782517
present,,16.17543156,,152.4578724
present,,22.47933414,,281.479284
present,,4.296484961,,125.7262717
present,,14.52127737,,31.45018103
present,,15.78362481,,209.841063
present,,15.66465782,,32.53586155
present,,27.83723221,,271.1738838
present,,0.98755661,,134.3564743
present,,6.72436751,,84.13036367
present,,27.50353299,,336.9109819
present,,1.313631751,,114.4844054
present,,1.533149375,,258.4047032
present,,3.865107555,,120.4465442
present,,6.648260414,,126.8195976
present,,7.087496921,,75.0068391
present,,14.66982744,,30.88116094
present,,1.87088303,,702.4588376
present,,7.648997143,,87.64900593
present,,6.11553564,,81.21221868
present,,3.756717745,,228.8241605
present,,4.719013676,,191.2474766
present,,14.88790441,,157.7257529
present,,25.86580594,,224.498117
present,,8.04199995,,239.822335
present,,7.065630078,,86.38226449
present,,1.544135839,,218.2895231
present,,4.159962864,,127.9090637
present,,22.05323807,,259.4123378
present,,3.406875533,,147.1833648
present,,6.754345323,,121.9697915
present,,1.731516526,,442.9758228
present,,24.60800517,,218.2213252
present,,20.43461127,,188.1546894
present,,3.370464545,,101.7706933
present,,3.866652253,,203.2611762
present,,15.89636883,,214.0257506
present,,3.281740887,,178.2528203
present,,7.136736687,,99.22221409
present,,1.814136083,,246.4531002
present,,3.028962727,,327.9958309
present,,28.6513547,,431.5481183
present,,7.678650954,,212.8422085
present,,4.165469656,,299.0037073
present,,9.730911949,,99.00119935
present,,12.21689785,,403.6366658
present,,20.82238539,,91.30774461
present,,8.665086741,,216.1474936
present,,2.128515038,,133.5000181
present,,9.378731806,,31.47150039
present,,11.61999941,,144.5621931
present,,1.571480447,,224.4926689
present,,1.118582041,,121.3889276
present,,2.590830877,,135.5818916
present,,4.236931452,,139.3120823
present,,6.066527815,,96.49541223
present,,1.795207347,,182.532983
present,,4.033686757,,208.9305056
present,,36.54147564,,348.0858664
present,,1.831534256,,420.7844485
present,,12.37628794,,141.916832
present,,2.45428366,,591.8695147
present,,7.875546029,,144.2265779
present,,19.74520891,,178.8518456
present,,26.64197418,,251.4323103
present,,3.483465834,,149.4327886
present,,3.272561641,,186.4234106
present,,5.206222516,,135.2573096
present,,0.914819152,,209.4703729
present,,24.81206319,,223.5545196
present,,5.534335466,,70.68400326
present,,6.261327151,,441.0876198
present,,6.400767349,,191.7139596
present,,18.68345265,,205.9597298
present,,19.43869488,,83.23501694
present,,10.7984904,,310.3574698
present,,4.792427107,,227.9147091
present,,5.858241657,,192.5575023
present,,3.357981606,,188.2242504
present,,4.558103756,,211.5011279
present,,7.489936822,,44.83993952
present,,1.490227117,,122.9954548
present,,18.79677774,,91.22807051
present,,5.253584634,,214.3128385
present,,19.83939283,,411.1295325
present,,1.890829321,,184.4288352
present,,2.901694249,,245.2119132
present,,36.61885505,,413.3912057
present,,8.77518315,,422.7763998
present,,2.888959233,,119.2744188
present,,25.90798402,,73.9903933
present,,1.297409329,,194.1129964
present,,1.552931956,,134.614242
present,,10.49925334,,62.08911089
present,,1.897184424,,450.8118464
present,,1.826373463,,130.6413209
present,,0.843292068,,364.0860997
present,,12.65778538,,56.50621809
present,,10.04039055,,409.7369006
present,,1.8046571,,500.0633886
present,,19.98015414,,184.3145863
present,,20.2800998,,245.3689198
present,,21.31851084,,254.3075032
present,,4.279651853,,207.5096636
present,,0.606615948,,325.8717896
present,,0.717833094,,292.8359258
present,,14.7084293,,32.58597344
present,,2.010601009,,231.1043583
present,,20.01451023,,192.6609439
present,,3.25176275,,110.5281298
present,,1.323808583,,250.2066606
present,,24.85991199,,416.6911024
present,,21.81185975,,54.32611516
present,,13.52419934,,144.6186116
present,,2.957144511,,118.6688543
present,,2.9596418,,126.2462264
present,,43.13957875,,226.6168143
present,,10.89129809,,151.7820346
present,,21.14538406,,93.06458057
present,,2.871399697,,257.6840851
present,,6.845401517,,69.8944483
present,,13.34843831,,257.1251577
present,,24.32649413,,56.55291283
present,,1.623138193,,443.5062178
present,,1.475227794,,370.4171193
present,,6.078559388,,109.6915233
present,,13.23621468,,118.7896301
present,,3.302855017,,193.9402612
present,,1.646062434,,372.6156008
present,,1.267981491,,208.44795
present,,4.448858161,,131.8037939
present,,10.57241335,,31.86933888
present,,21.34600512,,31.61736333
present,,3.968678198,,110.0556758
present,,16.88965298,,687.069045
present,,7.091739883,,77.95451482
present,,1.643843165,,248.9929733
present,,4.980272936,,144.4201683
present,,6.359727032,,191.6980368
present,,21.37551875,,31.64333289
present,,6.942065334,,118.3563634
present,,35.32253547,,445.4000921
present,,16.82611176,,142.3307515
present,,2.574305537,,487.2613315
present,,4.842097695,,141.2514249
present,,26.01336701,,224.5518212
present,,20.94969107,,210.9148838
present,,1.686363645,,370.6193379
present,,8.64704561,,97.87947163
present,,4.242740069,,144.5157158
present,,92.97241002,,266.2477949
present,,8.52371136,,314.0485825
present,,5.554895359,,111.4890435
present,,12.18632217,,133.9168151
present,,14.67847617,,169.8508309
present,,15.93161197,,31.153897
present,,1.895892095,,181.3455068
present,,5.38394682,,124.0110537
present,,22.58419554,,83.667898
present,,26.58808989,,58.5184562
present,,16.4075509,,140.0826233
present,,2.272372024,,388.3388331
present,,2.59242808,,208.1969535
present,,16.3576253,,218.9068774
present,,22.58702534,,582.3899781
present,,1.779030222,,489.8336129
present,,7.275874269,,131.3278156
present,,3.150980157,,362.8158306
present,,21.26537647,,431.6167445
present,,8.166164605,,67.03386344
present,,23.43329958,,323.3604817
present,,1.544185355,,185.1321997
present,,1.078622738,,200.687354
present,,1.609251873,,282.8745522
present,,10.69470157,,151.2385038
present,,14.59909256,,232.0526357
present,,1.067028025,,374.528611
present,,20.74838314,,357.5802001
present,,15.56212327,,465.123552
present,,1.463130699,,119.8746919
present,,1.360651754,,179.0101313
present,,15.18030243,,31.25910601
present,,6.764803783,,122.0051428
present,,11.81697546,,700.404667
present,,6.137162326,,32.13696697
present,,5.115276253,,266.6488527
present,,7.827619715,,142.0554069
present,,7.763964062,,144.9484892
present,,1.271828557,,683.3723004
present,,1.734474309,,392.7949567
present,,19.21679558,,31.78475617
present,,12.94206239,,31.72222403
present,,1.028592712,,422.6216679
present,,12.93400713,,397.902809
present,,2.81856884,,97.23725193
present,,2.808257874,,195.0094119
present,,7.645654023,,141.0669216
present,,5.996941552,,76.2138132
present,,9.80468651,,145.7640839
present,,13.73640052,,111.1218987
present,,6.193819367,,81.55398872
present,,1.297634836,,184.8095909
present,,2.487611034,,129.0318841
present,,0.853760729,,322.7287223
present,,11.88434428,,61.35247228
present,,21.10989377,,145.7036953
present,,3.654200547,,125.2434256
present,,6.820511594,,64.62935538
present,,1.879727755,,122.310011
present,,6.213354858,,63.45259273
present,,27.66440249,,314.1043908
present,,17.98576248,,31.54744759
present,,8.614363863,,31.22619535
present,,5.032428868,,214.4798226
present,,25.62747203,,489.2813455
present,,10.40533707,,149.2356216
present,,1.458663322,,217.2160455
present,,14.05474205,,635.3404022
present,,23.42599011,,106.5560145
present,,22.52451215,,82.72163688
present,,6.326921042,,117.7248763
present,,2.007130506,,170.0510875
present,,11.56429661,,101.5122837
present,,17.5439491,,73.6381748
present,,7.994700669,,144.4953743
present,,11.91193241,,224.1046728
present,,21.50473775,,332.2521071
present,,45.62373854,,173.3488299
present,,10.3761035,,142.1810427
present,,24.01366656,,725.0899244
present,,0.795689025,,218.6622684
present,,3.394263242,,198.1554731
present,,36.8519244,,601.7779379
present,,30.98756008,,146.7257226
present,,7.823145009,,139.7421777
present,,24.31463454,,446.8239067
present,,20.64287494,,130.3567984
present,,2.29727511,,133.475686
present,,12.05466978,,406.7191006
present,,89.03961242,,245.5241558
present,,23.37930139,,89.0460683
present,,2.138126419,,103.4747837
present,,5.081013206,,141.4629023
present,,11.90972564,,128.7945898
present,,15.94478321,,128.4785717
present,,33.01841289,,119.9295912
present,,17.08115781,,183.0065053
present,,24.32740771,,259.0208232
present,,14.17118068,,97.07910648
present,,3.757540915,,108.1539492
present,,9.38553763,,323.3905907
present,,26.23996734,,255.6522839
present,,2.999446448,,102.3965464
present,,12.89167998,,31.38998826
present,,8.636904642,,175.3351997
present,,9.435154229,,113.7351237
present,,3.25503091,,208.1482424
present,,25.58784515,,52.5402756
present,,1.436927993,,269.4297357
present,,15.699302,,31.2264625
present,,20.71343089,,409.1932657
present,,11.28771441,,416.5858398
present,,1.982784956,,270.9398174
present,,1.880400084,,200.2079638
present,,21.28486675,,259.2943057
present,,11.03274283,,383.1984316
present,,5.142732592,,146.4320767
present,,7.50027534,,49.51190434
present,,26.95898173,,161.8081296
present,,18.46844784,,421.0256335
present,,1.804380217,,193.8536598
present,,2.871692427,,113.2033832
present,,1.758424558,,301.288233
present,,10.58163495,,132.8968909
present,,2.015108224,,184.6808863
present,,1.467321455,,255.3151783
present,,16.38106783,,185.1943745
present,,22.94052429,,59.13103952
present,,1.456358891,,215.4276209
present,,8.543969798,,221.2444737
present,,3.06200465,,126.7232782
present,,14.50371529,,148.7914622
present,,35.04796794,,258.957372
present,,19.23022158,,221.7470539
present,,11.46322202,,31.22296075
present,,16.28607147,,31.06132387
present,,14.67484475,,189.6935229
present,,3.389954902,,148.4253631
present,,42.5069997,,454.8043685
present,,8.007270051,,31.09164251
present,,23.63034409,,92.49330244
present,,6.148762122,,77.72353425
present,,26.61741611,,116.5717256
present,,1.854752069,,191.4632693
present,,1.682648049,,334.1128962
present,,2.611928488,,234.7994438
present,,24.01926302,,330.3684198
present,,6.351187929,,96.02939806
present,,9.478470767,,61.98340597
present,,25.98072353,,427.6887261
present,,19.57680006,,233.6932816
present,,20.23837993,,252.6731612
present,,9.798641045,,30.65379367
present,,15.6347092,,121.3189152
present,,3.049329558,,188.69576
present,,6.021531501,,33.24134402
present,,1.833676388,,203.5311542
present,,1.899481301,,278.1301253
present,,23.03803242,,31.45505946
present,,17.78791365,,126.9275268
present,,8.123490687,,108.7066481
present,,13.93116007,,248.0656425
present,,19.81953075,,224.0146193
present,,4.09998699,,126.1573627
present,,12.5631794,,30.99124248
present,,21.37056372,,261.5693046
present,,4.975639285,,214.2213334
present,,1.630994396,,223.202099
present,,5.81475698,,100.6663765
present,,12.85785208,,31.05377581
present,,36.4444824,,272.8501324
present,,13.65414578,,132.5630817
present,,23.63285844,,31.21673523
present,,6.675701546,,125.0610662
present,,3.189126946,,182.0098692
present,,22.0678342,,148.8954931
present,,19.62584924,,341.7965459
present,,7.1782006,,140.205578
present,,2.67549537,,206.7460956
present,,4.28119871,,164.2574378
present,,1.697950017,,250.7302997
present,,15.97607406,,43.82916564
present,,3.499975176,,80.9686126
present,,19.76074483,,133.8585221
present,,15.32035548,,31.8331451
present,,3.70959265,,170.0211861
present,,3.001396794,,400.9358646
present,,14.50286388,,31.44760445
present,,25.9915961,,223.5884193
present,,13.79673354,,58.05713163
present,,2.640668905,,385.30763
present,,27.05745732,,424.4400403
present,,9.120487385,,231.1189702
present,,12.53854372,,85.05479356
present,,10.55947313,,150.3881896
present,,20.12864479,,280.7724326
present,,34.20860812,,324.0174322
present,,2.424708955,,440.4674667
present,,25.22218955,,751.9561858
present,,24.44138581,,31.59988479
present,,16.96094327,,140.5858342
present,,19.70868908,,251.8899236
present,,20.68171972,,31.7499724
present,,3.17337925,,354.8180817
present,,12.55673573,,31.30190947
present,,10.29979859,,30.27865228
present,,23.39251098,,31.48213325
present,,5.426175226,,57.63731886
present,,18.50598205,,219.5204961
present,,14.5987629,,216.0982064
present,,34.36203254,,425.5932327
present,,5.406030478,,219.7738513
present,,32.19185991,,270.6770078
present,,16.54167029,,31.42934737
present,,12.95587156,,32.99568587
present,,2.493118758,,402.3693021
present,,3.267741363,,148.9768694
present,,12.82717034,,137.6968655
present,,2.953064212,,264.2265364
present,,24.85613097,,147.7123548
present,,2.495747544,,475.6244445
present,,8.09232447,,31.33714735
present,,9.98827648,,419.2524553
present,,11.52492886,,30.91658311
present,,4.1162183,,127.3218763
present,,11.85150587,,30.61584456
present,,29.90546212,,215.8754334
present,,33.4244025,,515.3265718
present,,5.510903911,,120.9472381
present,,10.58837266,,150.0805623
present,,5.954330948,,93.05430169
present,,21.71632838,,93.99253246
present,,47.28089131,,249.9877952
present,,23.20801574,,88.82627799
present,,14.93981952,,31.98898776
present,,1.796199749,,456.9555626
present,,8.56502649,,31.20697311
present,,3.046887651,,400.1181834
present,,15.73758794,,31.36119376
present,,25.66401667,,52.2757612
present,,26.14165533,,77.23778963
present,,12.17348467,,141.9638662
present,,20.70401128,,445.8671643
present,,3.435820613,,145.3696162
present,,33.11737807,,266.6946971
present,,28.98645233,,189.8334017
present,,1.413477632,,221.2920161
present,,5.983993173,,63.49715518
present,,7.980712623,,30.65174048
present,,27.41993598,,97.40455114
present,,6.348192876,,47.09724712
present,,8.62399136,,116.3326528
present,,4.88205794,,117.8023439
present,,21.95138757,,56.72899312
present,,26.66515079,,58.9190052
present,,18.08191431,,269.8999475
present,,14.95050403,,32.71797718
present,,16.06525536,,261.5310313
present,,23.07872019,,192.2428765
present,,8.480559126,,96.44982833
present,,21.59093525,,96.99271484
present,,48.80145743,,442.3328261
present,,25.21975772,,98.3516589
present,,1.796879676,,317.7462963
present,,0.886375373,,334.5012094
present,,3.492366162,,90.28907881
present,,22.60731025,,220.6585252
present,,13.06287564,,53.30999959
present,,3.690739558,,231.6865016
present,,9.757684827,,56.9638716
present,,24.204639,,268.7571366
present,,2.574476159,,272.5434756
present,,24.58237436,,356.6111769
present,,4.09343889,,206.8546544
present,,12.56196857,,31.14927486
present,,13.97747609,,58.11899245
present,,1.559855071,,221.8184167
present,,2.814442136,,345.0042372
present,,31.8236893,,748.7246619
present,,10.84483656,,31.45861561
present,,3.267001435,,116.301761
present,,20.60964938,,255.7058617
present,,19.44268792,,221.4557225
present,,3.238641185,,112.6813953
present,,10.70067271,,153.4767211
present,,36.12908313,,443.5677229
present,,14.31418581,,148.3932681
present,,1.881466663,,271.4204325
present,,3.743406858,,85.79383618
present,,9.465581737,,52.91084229
present,,1.140997892,,369.2734621
present,,17.60694665,,92.61386203
present,,33.22063823,,374.9124521
present,,9.372529271,,32.18458953
present,,15.37534893,,31.18272575
present,,6.438348137,,72.2968377
present,,10.23220315,,33.33520474
present,,5.996034411,,31.940391
present,,1.449649298,,271.2986485
present,,18.97995507,,229.2544639
present,,14.07068179,,146.9813974
present,,2.16586102,,270.0741286
present,,12.53140712,,435.0215077
present,,23.67296107,,169.2378312
present,,11.46132689,,203.0858392
present,,17.4165462,,399.5107511
present,,5.362390632,,120.643357
present,,2.545047135,,426.9895693
present,,12.47422336,,92.70879012
present,,1.542255595,,111.9035496
present,,6.510626074,,226.1122697
present,,1.705865713,,271.9459199
present,,17.47362352,,31.33597141
present,,9.868942605,,58.03952821
present,,27.79904954,,286.015021
present,,1.854478093,,185.4460474
present,,5.899055192,,47.50174764
present,,1.075274329,,279.5999609
present,,11.70348395,,411.2833181
present,,52.57101732,,455.2740801
present,,0.366479622,,288.3349226
present,,11.64751332,,30.8526085
present,,1.545833549,,318.5098041
present,,9.43283692,,520.541051
present,,0.422445653,,302.1328107
present,,31.65968007,,142.9083762
present,,25.59452235,,54.39819085
present,,4.643972259,,191.6847775
present,,2.854333736,,246.5486087
present,,12.89351758,,31.60602012
present,,0.843523623,,379.308025
present,,1.465858472,,180.8198342
present,,11.43142763,,47.50795549
present,,3.237370276,,143.4338161
present,,5.811257902,,47.091536
present,,8.036696328,,30.5782411
present,,1.957780979,,270.5813573
present,,1.776072605,,313.3888987
present,,2.135348919,,305.9526475
present,,17.58471913,,428.3372645
present,,18.16240494,,216.1350469
present,,12.24794613,,30.77656143
present,,6.162236053,,187.355744
present,,3.450021744,,149.8858874
present,,21.33365182,,95.48138239
present,,4.111643878,,124.8291692
present,,1.782045377,,312.559522
present,,7.018599337,,143.1212731
present,,1.771933176,,311.4380518
present,,7.473003475,,139.9629921
present,,1.616462599,,209.8867026
present,,3.005816061,,350.5017256
present,,1.884802659,,121.5556171
present,,28.29114839,,182.6058903
present,,15.72200719,,249.8385643
present,,0.795746443,,308.2654704
present,,3.494580102,,177.323527
present,,0.873969853,,228.0142468
present,,15.3316612,,614.8262462
present,,3.572875249,,140.0457455
present,,7.934484991,,31.63782517
present,,16.17543156,,152.4578724
present,,22.47933415,,281.479284
present,,4.296484961,,125.7262717
present,,14.52127738,,31.45018103
present,,15.78362481,,209.841063
present,,15.66465782,,32.53586155
present,,27.83723221,,271.1738837
present,,0.98755661,,134.3564743
present,,6.72436751,,84.13036369
present,,27.503533,,336.9109819
present,,1.313631751,,114.4844054
present,,1.533149376,,258.4047032
present,,3.865107555,,120.4465442
present,,6.648260414,,126.8195976
present,,7.087496921,,75.00683909
present,,14.66982744,,30.88116094
present,,1.870883031,,702.4588376
present,,7.648997148,,87.64900594
present,,6.115535639,,81.21221868
present,,3.756717746,,228.8241605
present,,4.719013673,,191.2474767
present,,14.88790441,,157.7257528
present,,25.86580593,,224.4981171
present,,8.041999942,,239.8223349
present,,7.065630079,,86.38226449
present,,1.544135838,,218.289523
present,,4.159962865,,127.9090636
present,,22.05323808,,259.4123378
present,,3.406875533,,147.1833648
present,,6.754345322,,121.9697915
present,,1.731516526,,442.9758229
present,,24.60800517,,218.2213251
present,,20.43461128,,188.1546894
present,,3.370464544,,101.7706933
present,,3.866652252,,203.2611762
present,,15.89636883,,214.0257505
present,,3.281740886,,178.2528203
present,,7.136736687,,99.22221416
present,,1.814136083,,246.4531002
present,,3.028962727,,327.995831
present,,28.65135469,,431.5481183
present,,7.67865095,,212.8422085
present,,4.165469663,,299.0037073
present,,9.730911948,,99.00119929
present,,12.21689785,,403.6366659
present,,20.82238539,,91.30774461
present,,8.665086742,,216.1474936
present,,2.128515038,,133.5000182
present,,9.378731808,,31.4715004
present,,11.61999942,,144.5621931
present,,1.571480446,,224.4926689
present,,1.11858204,,121.3889276
present,,2.590830878,,135.5818915
present,,4.236931452,,139.3120824
present,,6.066527815,,96.49541222
present,,1.795207348,,182.532983
present,,4.033686758,,208.9305056
present,,36.54147564,,348.0858664
present,,1.831534255,,420.7844484
present,,12.37628794,,141.9168321
present,,2.45428366,,591.8695147
present,,7.875546031,,144.2265778
present,,19.7452089,,178.8518456
present,,26.64197417,,251.4323104
present,,3.483465834,,149.4327886
present,,3.272561642,,186.4234105
present,,5.206222516,,135.2573095
present,,0.914819152,,209.470373
present,,24.81206319,,223.5545196
present,,5.534335466,,70.68400327
present,,6.26132715,,441.0876198
present,,6.400767345,,191.7139596
present,,18.68345265,,205.9597298
present,,19.43869488,,83.23501692
present,,10.7984904,,310.3574697
present,,4.792427107,,227.914709
present,,5.858241654,,192.5575023
present,,3.357981606,,188.2242504
present,,4.558103758,,211.5011279
present,,7.489936821,,44.83993951
present,,1.490227118,,122.9954549
present,,18.79677774,,91.22807051
present,,5.25358464,,214.3128385
present,,19.83939282,,411.1295325
present,,1.890829321,,184.4288352
present,,2.901694248,,245.2119132
present,,36.61885505,,413.3912057
present,,8.77518315,,422.7763999
present,,2.888959232,,119.2744188
present,,25.90798403,,73.9903933
present,,1.297409329,,194.1129963
present,,1.552931956,,134.6142421
present,,10.49925334,,62.08911089
present,,1.897184424,,450.8118465
present,,1.826373463,,130.6413209
present,,0.843292067,,364.0860998
present,,12.65778539,,56.50621806
present,,10.04039055,,409.7369005
present,,1.8046571,,500.0633886
present,,19.98015415,,184.3145864
present,,20.2800998,,245.3689197
present,,21.31851083,,254.3075032
present,,4.279651853,,207.5096636
present,,0.606615948,,325.8717896
present,,0.717833094,,292.8359258
present,,14.7084293,,32.58597345
present,,2.01060101,,231.1043583
present,,20.01451023,,192.6609439
present,,3.251762744,,110.5281297
present,,1.323808583,,250.2066605
present,,24.85991198,,416.6911024
present,,21.81185975,,54.32611515
present,,13.52419934,,144.6186116
present,,2.957144511,,118.6688543
present,,2.9596418,,126.2462265
present,,43.13957874,,226.6168144
present,,10.89129808,,151.7820346
present,,21.14538407,,93.06458053
present,,2.871399697,,257.6840851
present,,6.845401516,,69.89444825
present,,13.34843832,,257.1251577
present,,24.32649413,,56.55291282
present,,1.623138193,,443.5062179
present,,1.475227794,,370.4171192
present,,6.078559388,,109.6915234
present,,13.23621467,,118.7896302
present,,3.302855018,,193.9402612
present,,1.646062434,,372.6156008
present,,1.267981491,,208.44795
present,,4.448858161,,131.8037939
present,,10.57241335,,31.86933888
present,,21.34600511,,31.61736333
present,,3.968678198,,110.0556758
present,,16.88965298,,687.0690451
present,,7.091739883,,77.95451482
present,,1.643843164,,248.9929733
present,,4.98027294,,144.4201684
present,,6.359727032,,191.6980368
present,,21.37551874,,31.64333289
present,,6.942065334,,118.3563634
present,,35.32253546,,445.4000921
present,,16.82611176,,142.3307515
present,,2.574305537,,487.2613315
present,,4.842097695,,141.2514249
present,,26.01336702,,224.5518213
present,,20.94969108,,210.9148838
present,,1.686363645,,370.6193378
present,,8.647045609,,97.87947163
present,,4.242740072,,144.5157158
present,,92.97241002,,266.2477948
present,,8.523711362,,314.0485825
present,,5.55489536,,111.4890434
present,,12.18632218,,133.9168151
present,,14.67847617,,169.8508308
present,,15.93161197,,31.15389701
present,,1.895892094,,181.3455068
present,,5.38394682,,124.0110537
present,,22.58419554,,83.667898
present,,26.58808989,,58.51845617
present,,16.4075509,,140.0826233
present,,2.272372023,,388.338833
present,,2.59242808,,208.1969535
present,,16.3576253,,218.9068773
present,,22.58702535,,582.3899781
present,,1.779030222,,489.8336128
present,,7.275874269,,131.3278156
present,,3.150980157,,362.8158306
present,,21.26537647,,431.6167445
present,,8.1661646,,67.03386345
present,,23.43329959,,323.3604817
present,,1.544185355,,185.1321998
present,,1.078622738,,200.6873539
present,,1.609251872,,282.8745522
present,,10.69470157,,151.2385038
present,,14.59909257,,232.0526357
present,,1.067028024,,374.5286109
present,,20.74838314,,357.5802
present,,15.56212327,,465.123552
present,,1.4631307,,119.8746919
present,,1.360651755,,179.0101313
present,,15.18030243,,31.25910601
present,,6.764803783,,122.0051427
present,,11.81697546,,700.404667
present,,6.137162325,,32.13696696
present,,5.115276255,,266.6488527
present,,7.827619714,,142.055407
present,,7.763964062,,144.9484891
present,,1.271828556,,683.3723004
present,,1.734474309,,392.7949567
present,,19.21679559,,31.78475618
present,,12.94206239,,31.72222404
present,,1.028592712,,422.6216679
present,,12.93400713,,397.9028089
present,,2.81856884,,97.23725192
present,,2.808257874,,195.009412
present,,7.64565402,,141.0669216
present,,5.996941552,,76.21381315
present,,9.804686511,,145.7640839
present,,13.73640051,,111.1218987
present,,6.193819367,,81.55398874
present,,1.297634836,,184.8095908
present,,2.487611034,,129.031884
present,,0.853760729,,322.7287222
present,,11.88434429,,61.35247227
present,,21.10989377,,145.7036953
present,,3.654200547,,125.2434256
present,,6.820511594,,64.62935539
present,,1.879727755,,122.310011
present,,6.213354858,,63.45259273
present,,27.66440249,,314.1043908
present,,17.98576248,,31.54744758
present,,8.614363863,,31.22619536
present,,5.032428866,,214.4798227
present,,25.62747204,,489.2813454
present,,10.40533707,,149.2356216
present,,1.458663322,,217.2160455
present,,14.05474205,,635.3404022
present,,23.42599012,,106.5560146
present,,22.52451215,,82.72163685
present,,6.326921042,,117.7248763
present,,2.007130507,,170.0510875
present,,11.56429661,,101.5122837
present,,17.54394911,,73.6381748
present,,7.994700669,,144.4953743
present,,11.91193241,,224.1046727
present,,21.50473776,,332.2521071
present,,45.62373854,,173.3488299
present,,10.3761035,,142.1810428
present,,24.01366656,,725.0899244
present,,0.795689024,,218.6622684
present,,3.394263243,,198.1554731
present,,36.8519244,,601.7779379
present,,30.98756009,,146.7257226
present,,7.823145008,,139.7421777
present,,24.31463453,,446.8239068
present,,20.64287494,,130.3567984
present,,2.297275109,,133.475686
present,,12.05466979,,406.7191006
present,,89.03961243,,245.5241558
present,,23.37930139,,89.04606832
present,,2.138126419,,103.4747837
present,,5.081013205,,141.4629023
present,,11.90972563,,128.7945898
present,,15.9447832,,128.4785717
present,,33.01841289,,119.9295912
present,,17.08115781,,183.0065053
present,,24.32740771,,259.0208232
present,,14.17118069,,97.07910647
present,,3.757540915,,108.1539491
present,,9.38553762,,323.3905907
present,,26.23996734,,255.6522838
present,,2.999446448,,102.3965464
present,,12.89167998,,31.38998826
present,,8.636904642,,175.3351997
present,,9.43515423,,113.7351237
present,,3.255030911,,208.1482424
present,,25.58784515,,52.54027561
present,,1.436927993,,269.4297357
present,,15.699302,,31.2264625
present,,20.71343088,,409.1932657
present,,11.28771441,,416.5858399
present,,1.982784956,,270.9398173
present,,1.880400084,,200.2079638
present,,21.28486676,,259.2943056
present,,11.03274284,,383.1984316
present,,5.142732592,,146.4320768
present,,7.50027534,,49.51190433
present,,26.95898173,,161.8081296
present,,18.46844785,,421.0256335
present,,1.804380217,,193.8536599
present,,2.871692427,,113.2033832
present,,1.758424557,,301.288233
present,,10.58163495,,132.8968909
present,,2.015108224,,184.6808863
present,,1.467321455,,255.3151783
present,,16.38106783,,185.1943745
present,,22.94052429,,59.13103951
present,,1.456358891,,215.427621
present,,8.543969801,,221.2444737
present,,3.062004652,,126.7232782
present,,14.50371529,,148.7914621
present,,35.04796794,,258.957372
present,,19.23022158,,221.7470539
present,,11.46322201,,31.22296075
present,,16.28607147,,31.06132386
present,,14.67484475,,189.6935229
present,,3.389954902,,148.425363
present,,42.50699971,,454.8043684
present,,8.007270051,,31.09164252
present,,23.63034409,,92.49330248
present,,6.148762122,,77.72353425
present,,26.61741612,,116.5717256
present,,1.854752069,,191.4632694
present,,1.68264805,,334.1128961
present,,2.611928489,,234.7994438
present,,24.01926302,,330.3684198
present,,6.351187929,,96.02939804
present,,9.47847077,,61.98340596
present,,25.98072352,,427.6887261
present,,19.57680006,,233.6932815
present,,20.23837992,,252.6731612
present,,9.798641041,,30.65379367
present,,15.63470919,,121.3189152
present,,3.049329557,,188.69576
present,,6.021531501,,33.24134402
present,,1.833676387,,203.5311543
present,,1.899481301,,278.1301253
present,,23.03803242,,31.45505946
present,,17.78791365,,126.9275268
present,,8.123490687,,108.7066482
present,,13.93116007,,248.0656425
present,,19.81953075,,224.0146193
present,,4.099986992,,126.1573627
present,,12.5631794,,30.99124248
present,,21.37056372,,261.5693045
present,,4.975639284,,214.2213335
present,,1.630994396,,223.202099
present,,5.814756983,,100.6663766
present,,12.85785209,,31.05377582
present,,36.4444824,,272.8501324
present,,13.65414578,,132.5630817
present,,23.63285843,,31.21673522
present,,6.675701546,,125.0610662
present,,3.189126946,,182.0098693
present,,22.0678342,,148.8954932
present,,19.62584924,,341.7965459
present,,7.1782006,,140.205578
present,,2.67549537,,206.7460956
present,,4.28119871,,164.2574378
present,,1.697950017,,250.7302998
present,,15.97607405,,43.82916565
present,,3.499975176,,80.96861265
present,,19.76074482,,133.8585221
present,,15.32035548,,31.8331451
present,,3.70959265,,170.0211861
present,,3.001396794,,400.9358646
present,,14.50286388,,31.44760446
present,,25.99159611,,223.5884193
present,,13.79673354,,58.05713163
present,,2.640668906,,385.30763
present,,27.05745733,,424.4400403
present,,9.120487382,,231.1189701
present,,12.53854372,,85.05479357
present,,10.55947314,,150.3881896
present,,20.1286448,,280.7724326
present,,34.20860812,,324.0174321
present,,2.424708955,,440.4674667
present,,25.22218955,,751.9561857
present,,24.44138582,,31.59988479
present,,16.96094327,,140.5858342
present,,19.70868908,,251.8899236
present,,20.68171971,,31.74997241
present,,3.17337925,,354.8180817
present,,12.55673573,,31.30190947
present,,10.29979859,,30.27865228
present,,23.39251098,,31.48213325
present,,5.426175225,,57.63731886
present,,18.50598206,,219.5204961
present,,14.59876289,,216.0982063
present,,34.36203254,,425.5932327
present,,5.406030479,,219.7738513
present,,32.1918599,,270.6770079
present,,16.54167029,,31.42934738
present,,12.95587156,,32.99568587
present,,2.493118759,,402.3693021
present,,3.267741363,,148.9768693
present,,12.82717035,,137.6968655
present,,2.953064212,,264.2265363
present,,24.85613097,,147.7123548
present,,2.495747543,,475.6244445
present,,8.09232447,,31.33714735
present,,9.988276481,,419.2524552
present,,11.52492885,,30.9165831
present,,4.116218293,,127.3218763
present,,11.85150587,,30.61584456
present,,29.90546212,,215.8754334
present,,33.4244025,,515.3265718
present,,5.510903911,,120.9472381
present,,10.58837266,,150.0805623
present,,5.954330949,,93.05430172
present,,21.71632838,,93.99253242
present,,47.2808913,,249.9877952
present,,23.20801574,,88.82627799
present,,14.93981953,,31.98898775
present,,1.79619975,,456.9555626
present,,8.56502649,,31.20697312
present,,3.046887651,,400.1181834
present,,15.73758794,,31.36119376
present,,25.66401667,,52.27576126
present,,26.14165534,,77.23778964
present,,12.17348468,,141.9638662
present,,20.70401128,,445.8671643
present,,3.435820613,,145.3696161
present,,33.11737806,,266.6946972
present,,28.98645234,,189.8334017
present,,1.413477632,,221.2920161
present,,5.983993172,,63.49715518
present,,7.980712623,,30.65174048
present,,27.41993598,,97.40455114
present,,6.348192875,,47.09724711
present,,8.62399137,,116.3326529
present,,4.88205794,,117.8023439
present,,21.95138757,,56.72899312
present,,26.66515079,,58.91900518
present,,18.08191431,,269.8999475
present,,14.95050403,,32.71797718
present,,16.06525536,,261.5310314
present,,23.07872019,,192.2428766
present,,8.480559123,,96.44982833
present,,21.59093525,,96.99271478
present,,48.80145743,,442.3328262
present,,25.21975772,,98.35165884
present,,1.796879677,,317.7462963
present,,0.886375373,,334.5012094
present,,3.492366162,,90.28907881
present,,22.60731025,,220.6585253
present,,13.06287564,,53.30999964
present,,3.690739558,,231.6865016
present,,9.757684825,,56.96387159
present,,24.204639,,268.7571366
present,,2.57447616,,272.5434756
present,,24.58237436,,356.611177
present,,4.09343889,,206.8546543
present,,12.56196856,,31.14927486
present,,13.97747609,,58.11899245
present,,1.559855071,,221.8184167
present,,2.814442136,,345.0042372
present,,31.8236893,,748.7246619
present,,10.84483656,,31.45861562
present,,3.267001436,,116.301761
present,,20.60964938,,255.7058617
present,,19.44268792,,221.4557224
present,,3.238641186,,112.6813953
present,,10.7006727,,153.4767211
present,,36.12908313,,443.567723
present,,14.31418581,,148.3932681
present,,1.881466664,,271.4204325
present,,3.743406858,,85.79383618
present,,9.465581742,,52.91084229
present,,1.140997892,,369.2734621
present,,17.60694666,,92.61386203
present,,33.22063823,,374.912452
present,,9.372529274,,32.18458953
present,,15.37534893,,31.18272576
present,,6.438348137,,72.29683772
present,,10.23220315,,33.33520474
present,,5.99603441,,31.940391
present,,1.449649297,,271.2986484
present,,18.97995507,,229.254464
present,,14.07068179,,146.9813975
present,,2.16586102,,270.0741287
present,,12.53140711,,435.0215077
present,,23.67296107,,169.2378312
present,,11.46132688,,203.0858392
present,,17.4165462,,399.510751
present,,5.362390632,,120.643357
present,,2.545047134,,426.9895694
present,,12.47422336,,92.70879014
present,,1.542255594,,111.9035496
present,,6.510626075,,226.1122697
present,,1.705865713,,271.9459199
present,,17.47362352,,31.33597141
present,,9.868942606,,58.03952821
present,,27.79904954,,286.0150211
present,,1.854478094,,185.4460473
present,,5.899055192,,47.50174764
present,,1.075274329,,279.5999609
present,,11.70348395,,411.283318
present,,52.57101732,,455.27408
present,,0.366479622,,288.3349226
present,,11.64751332,,30.8526085
present,,1.54583355,,318.509804
present,,9.43283692,,520.5410509
present,,0.422445653,,302.1328106
present,,31.65968007,,142.9083763
present,,25.59452235,,54.39819086
present,,4.643972259,,191.6847774
present,,2.854333736,,246.5486086
present,,12.89351758,,31.60602013
present,,0.843523623,,379.308025
present,,1.465858471,,180.8198342
present,,11.43142763,,47.50795549
present,,3.237370276,,143.4338161
present,,5.811257902,,47.091536
present,,8.036696329,,30.5782411
present,,1.957780978,,270.5813573
present,,1.776072604,,313.3888986
present,,2.135348919,,305.9526476
present,,17.58471913,,428.3372645
present,,18.16240494,,216.1350469
present,,12.24794614,,30.77656143