field_1,Name,Longitude,Latitude,CO2 (mg C m¯² d¯¹),CH4 (mg C m-2 d-1),CO2 (g/kWh),CH4 (g/kWh),Area / Electricity,Area_km2,Age,Volume_km3,Areakm2_div_Volkm3,org_c,temp_annual_avg,temp_spring_avg_lc,temp_spring_avg,temp_summer_avg_lc,temp_summer_avg,temp_fall_avg_lc,temp_fall_avg,temp_winter_avg_lc,temp_winter_avg,NDVI_annual_avg,NDVI_spring_avg_lc,NDVI_spring_avg,NDVI_summer_avg_lc,NDVI_summer_avg,NDVI_fall_avg_lc,NDVI_fall_avg,NDVI_winter_avg_lc,NDVI_winter_avg,npp_annual_avg,npp_spring_avg_lc,npp_spring_avg,npp_summer_avg_lc,npp_summer_avg,npp_fall_avg_lc,npp_fall_avg,npp_winter_avg_lc,npp_winter_avg,erosion
116,Segredo,-52.1,-25.78333333,600,29.9,15.16769557,0.274857029,0.018888787,82,13,3,27.33333333,48.76855087,17.05999947,18.24399948,17.05466652,20.76799965,13.13733292,17.05466652,18.24399948,13.13733292,20.76799965,200.6666718,212.6666718,221.3333282,238.6666718,219.3333282,221.3333282,212.6666718,219.3333282,238.6666718,200.5,212,207.6666718,202,180.3333282,207.6666718,212,180.3333282,202,21.50338936
117,Segredo,-52.1,-25.78333333,1306.1,5,33.0175453,0.045962714,0.018888787,82,13,3,27.33333333,48.76855087,17.05999947,18.24399948,17.05466652,20.76799965,13.13733292,17.05466652,18.24399948,13.13733292,20.76799965,200.6666718,212.6666718,221.3333282,238.6666718,219.3333282,221.3333282,212.6666718,219.3333282,238.6666718,200.5,212,207.6666718,202,180.3333282,207.6666718,212,180.3333282,202,21.50338936
45,Itaipu,-54.55,-25.38333333,328.6,,6.603174806,,0.015014848,1350,14,129,10.46511628,44.60659409,21.12533379,21.42933273,21.20266724,25.15866661,16.7733326,21.20266724,21.42933273,16.7733326,25.15866661,255,255,255,255,255,255,255,255,255,87,79,85.33333588,87,96.66666412,85.33333588,79,96.66666412,87,32.14505768
104,RibeirÃ£o das Lages,-43.88333333,-22.7,22.1,,,,,30,95,0.5,60,60.2571373,20.37400055,20.39333344,20.90266609,23.02266693,17.54933357,20.90266609,20.39333344,17.54933357,23.02266693,232.3333282,226,242.3333282,237.6666718,223.3333282,242.3333282,226,223.3333282,237.6666718,151.4166718,153.3333282,179.3333282,156.6666718,170.6666718,179.3333282,153.3333282,170.6666718,156.6666718,0.541019082
7,Barra Bonita,-48.58333333,-22.51666667,1036.4,9.9,3187.260766,11.07114894,2.29787234,324,42,4,81,37.52066422,20.85300064,21.60533333,20.83466721,23.50133324,17.72133255,20.83466721,21.60533333,17.72133255,23.50133324,160.25,123.6666641,178.3333282,187.3333282,151.6666718,178.3333282,123.6666641,151.6666718,187.3333282,132.75,94,166,130,141,166,94,141,130,7.974368572
8,Barra Bonita,-48.58333333,-22.51666667,1754.7,,5396.262511,,2.29787234,324,42,4,81,37.52066422,20.85300064,21.60533333,20.83466721,23.50133324,17.72133255,20.83466721,21.60533333,17.72133255,23.50133324,160.25,123.6666641,178.3333282,187.3333282,151.6666718,178.3333282,123.6666641,151.6666718,187.3333282,132.75,94,166,130,141,166,94,141,130,7.974368572
30,Funil,-44.55,-22.51666667,169.4,12.5,6.60331068,0.177184466,0.029126214,27,39,0.5,54,59.29633713,20.64999962,21.07466698,21.00666618,23.2266655,17.55999947,21.00666618,21.07466698,17.55999947,23.2266655,183.25,171.6666718,201.3333282,191.6666718,168.3333282,201.3333282,171.6666718,168.3333282,191.6666718,146.1666718,128.3333282,158.6666718,158,139.6666718,158.6666718,128.3333282,139.6666718,158,0.202566236
31,Funil,-44.55,-22.51666667,-156,3.7,,0.052446602,0.029126214,27,39,0.5,54,59.29633713,20.64999962,21.07466698,21.00666618,23.2266655,17.55999947,21.00666618,21.07466698,17.55999947,23.2266655,183.25,171.6666718,201.3333282,191.6666718,168.3333282,201.3333282,171.6666718,168.3333282,191.6666718,146.1666718,128.3333282,158.6666718,158,139.6666718,158.6666718,128.3333282,139.6666718,158,0.202566236
32,Funil,-44.55,-22.51666667,-163.6,3.5,,0.04961165,0.029126214,27,40,0.5,54,59.29633713,20.64999962,21.07466698,21.00666618,23.2266655,17.55999947,21.00666618,21.07466698,17.55999947,23.2266655,183.25,171.6666718,201.3333282,191.6666718,168.3333282,201.3333282,171.6666718,168.3333282,191.6666718,146.1666718,128.3333282,158.6666718,158,139.6666718,158.6666718,128.3333282,139.6666718,158,0.202566236
33,Furnas,-46.25,-20.66666667,73.2,,26.03373703,,0.265742574,1342,44,20.7,64.83091787,48.51390839,19.85733414,21.04400063,20.20800018,21.9746666,16.62000084,20.20800018,21.04400063,16.62000084,21.9746666,154.3333282,133.6666718,174,169.3333282,140.3333282,174,133.6666718,140.3333282,169.3333282,121.1666641,90,135.6666718,127.3333359,131.6666718,135.6666718,90,131.6666718,127.3333359,45.77570343
34,Furnas,-46.25,-20.66666667,171.9,,61.13660376,,0.265742574,1342,44,20.7,64.83091787,48.51390839,19.85733414,21.04400063,20.20800018,21.9746666,16.62000084,20.20800018,21.04400063,16.62000084,21.9746666,154.3333282,133.6666718,174,169.3333282,140.3333282,174,133.6666718,140.3333282,169.3333282,121.1666641,90,135.6666718,127.3333359,131.6666718,135.6666718,90,131.6666718,127.3333359,45.77570343
35,Furnas,-46.25,-20.66666667,144.1,,51.24947413,,0.265742574,1342,45,20.7,64.83091787,48.51390839,19.85733414,21.04400063,20.20800018,21.9746666,16.62000084,20.20800018,21.04400063,16.62000084,21.9746666,154.3333282,133.6666718,174,169.3333282,140.3333282,174,133.6666718,140.3333282,169.3333282,121.1666641,90,135.6666718,127.3333359,131.6666718,135.6666718,90,131.6666718,127.3333359,45.77570343
52,L.C.B. de Carvalho,-47.25,-20.15,565.8,23.1,8.535898046,0.126725952,0.011272545,45,38,1.3,34.61538462,51.32374954,21.29266739,22.16133308,21.49333382,22.93066597,18.58533287,21.49333382,22.16133308,18.58533287,22.93066597,170.3333282,153.3333282,184.3333282,192.3333282,151.3333282,184.3333282,153.3333282,151.3333282,192.3333282,116.3333359,71.33333588,140.3333282,132.3333282,121.3333359,140.3333282,71.33333588,121.3333359,132.3333282,0.152834997
53,L.C.B. de Carvalho,-47.25,-20.15,1118.4,38,16.87265531,0.208466934,0.011272545,45,38,1.3,34.61538462,51.32374954,21.29266739,22.16133308,21.49333382,22.93066597,18.58533287,21.49333382,22.16133308,18.58533287,22.93066597,170.3333282,153.3333282,184.3333282,192.3333282,151.3333282,184.3333282,153.3333282,151.3333282,192.3333282,116.3333359,71.33333588,140.3333282,132.3333282,121.3333359,140.3333282,71.33333588,121.3333359,132.3333282,0.152834997
54,L.C.B. de Carvalho,-47.25,-20.15,769.3,28.6,11.6059851,0.156898798,0.011272545,45,39,1.3,34.61538462,51.32374954,21.29266739,22.16133308,21.49333382,22.93066597,18.58533287,21.49333382,22.16133308,18.58533287,22.93066597,170.3333282,153.3333282,184.3333282,192.3333282,151.3333282,184.3333282,153.3333282,151.3333282,192.3333282,116.3333359,71.33333588,140.3333282,132.3333282,121.3333359,140.3333282,71.33333588,121.3333359,132.3333282,0.152834997
82,"Miranda, Brazil (grand)",-48.03944444,-18.91666667,1090.9,328,47.24579918,5.165583756,0.032360406,51,10,8,6.375,46.43970108,21.72699928,23.05066681,21.52133369,22.78133392,19.8306675,21.52133369,23.05066681,19.8306675,22.78133392,188,147.3333282,220.3333282,223,161.3333282,220.3333282,147.3333282,161.3333282,223,114.5,72.33333588,135.3333282,131,119.3333359,135.3333282,72.33333588,119.3333359,131,25.42429161
83,"Miranda, Brazil (grand)",-48.03944444,-18.91666667,1358.2,183,58.82229759,2.882017766,0.032360406,51,10,8,6.375,46.43970108,21.72699928,23.05066681,21.52133369,22.78133392,19.8306675,21.52133369,23.05066681,19.8306675,22.78133392,188,147.3333282,220.3333282,223,161.3333282,220.3333282,147.3333282,161.3333282,223,114.5,72.33333588,135.3333282,131,119.3333359,135.3333282,72.33333588,119.3333359,131,25.42429161
46,Itumbiara,-49.05,-18.4,86,,11.18757649,,0.097201568,719,25,15.1,47.61589404,44.23439407,23.25133324,24.42399979,23.23999977,24.45599937,20.87999916,23.23999977,24.42399979,20.87999916,24.45599937,255,255,255,255,255,255,255,255,255,94.5,46.66666794,127.3333359,108.6666641,95.33333588,127.3333359,46.66666794,95.33333588,108.6666641,34.59186554
47,Itumbiara,-49.05,-18.4,258.8,,33.66679996,,0.097201568,719,25,15.1,47.61589404,44.23439407,23.25133324,24.42399979,23.23999977,24.45599937,20.87999916,23.23999977,24.42399979,20.87999916,24.45599937,255,255,255,255,255,255,255,255,255,94.5,46.66666794,127.3333359,108.6666641,95.33333588,127.3333359,46.66666794,95.33333588,108.6666641,34.59186554
48,Itumbiara,-49.05,-18.4,227.9,,29.64707771,,0.097201568,719,25,15.1,47.61589404,44.23439407,23.25133324,24.42399979,23.23999977,24.45599937,20.87999916,23.23999977,24.42399979,20.87999916,24.45599937,255,255,255,255,255,255,255,255,255,94.5,46.66666794,127.3333359,108.6666641,95.33333588,127.3333359,46.66666794,95.33333588,108.6666641,34.59186554
133,Tres Marias,-45.25,-18.23333333,-38.7,205,,48.75814536,0.488721805,1040,45,21,49.52380952,41.53297043,22.42466736,23.49200058,22.63866615,23.798666,19.83866692,22.63866615,23.49200058,19.83866692,23.798666,255,255,255,255,255,255,255,255,255,79.58333588,44.66666794,107.6666641,86,80,107.6666641,44.66666794,80,86,11.74869633
134,Tres Marias,-45.25,-18.23333333,272.7,19,178.3656203,4.519047619,0.488721805,1040,45,21,49.52380952,41.53297043,22.42466736,23.49200058,22.63866615,23.798666,19.83866692,22.63866615,23.49200058,19.83866692,23.798666,255,255,255,255,255,255,255,255,255,79.58333588,44.66666794,107.6666641,86,80,107.6666641,44.66666794,80,86,11.74869633
18,CorumbÃ¡,-48.51666667,-17.98333333,294.4,,12.16748643,,0.030881527,55,8,1.2,45.83333333,41.52645111,22.46800041,23.9279995,22.46266747,23.59466553,20.10933304,22.46266747,23.9279995,20.10933304,23.59466553,178.6666718,146,205.3333282,208.6666718,154.6666718,205.3333282,146,154.6666718,208.6666718,98.33333588,49,129.6666718,110.6666641,104,129.6666718,49,104,110.6666641,1.799442887
19,CorumbÃ¡,-48.51666667,-17.98333333,1024.2,,42.32995789,,0.030881527,55,8,1.2,45.83333333,41.52645111,22.46800041,23.9279995,22.46266747,23.59466553,20.10933304,22.46266747,23.9279995,20.10933304,23.59466553,178.6666718,146,205.3333282,208.6666718,154.6666718,205.3333282,146,154.6666718,208.6666718,98.33333588,49,129.6666718,110.6666641,104,129.6666718,49,104,110.6666641,1.799442887
20,CorumbÃ¡,-48.51666667,-17.98333333,724.1,,29.92689173,,0.030881527,55,8,1.2,45.83333333,41.52645111,22.46800041,23.9279995,22.46266747,23.59466553,20.10933304,22.46266747,23.9279995,20.10933304,23.59466553,178.6666718,146,205.3333282,208.6666718,154.6666718,205.3333282,146,154.6666718,208.6666718,98.33333588,49,129.6666718,110.6666641,104,129.6666718,49,104,110.6666641,1.799442887
76,Manso,-55.8,-14.86666667,-81,,,,1.4875,357,3,5.6,63.75,36.62722397,24.11599922,24.42266655,24.51333427,25.25066757,22.3920002,24.51333427,24.42266655,22.3920002,25.25066757,207.1666718,193.6666718,222.6666718,223.6666718,188.6666718,222.6666718,193.6666718,188.6666718,223.6666718,77.91666412,32,117.6666641,103,59,117.6666641,32,59,103,7.387723446
77,Manso,-55.76666667,-14.86666667,139.2,,277.1153,,1.4875,357,4,5.6,63.75,34.909935,24.11599922,24.30266762,24.51333427,25.25066757,22.3920002,24.51333427,24.30266762,22.3920002,25.25066757,207.1666718,193.6666718,222.6666718,223.6666718,188.6666718,222.6666718,193.6666718,188.6666718,223.6666718,77.91666412,32,117.6666641,103,59,117.6666641,32,59,103,7.387723446
78,Manso,-55.76666667,-14.86666667,138.9,,276.5180688,,1.4875,357,4,5.6,63.75,34.909935,24.11599922,24.30266762,24.51333427,25.25066757,22.3920002,24.51333427,24.30266762,22.3920002,25.25066757,207.1666718,193.6666718,222.6666718,223.6666718,188.6666718,222.6666718,193.6666718,188.6666718,223.6666718,77.91666412,32,117.6666641,103,59,117.6666641,32,59,103,7.387723446
79,Manso,-55.76666667,-14.86666667,866.2,31.2,1724.405696,22.5862,1.4875,357,7,5.6,63.75,34.909935,24.11599922,24.30266762,24.51333427,25.25066757,22.3920002,24.51333427,24.30266762,22.3920002,25.25066757,207.1666718,193.6666718,222.6666718,223.6666718,188.6666718,222.6666718,193.6666718,188.6666718,223.6666718,77.91666412,32,117.6666641,103,59,117.6666641,32,59,103,7.387723446
80,Manso,-55.76666667,-14.86666667,1265.4,42,2519.121413,30.4045,1.4875,357,7,5.6,63.75,34.909935,24.11599922,24.30266762,24.51333427,25.25066757,22.3920002,24.51333427,24.30266762,22.3920002,25.25066757,207.1666718,193.6666718,222.6666718,223.6666718,188.6666718,222.6666718,193.6666718,188.6666718,223.6666718,77.91666412,32,117.6666641,103,59,117.6666641,32,59,103,7.387723446
118,Serra da Mesa,-48.33333333,-13.85,1090.9,80,385.869377,10.2899358,0.264296296,1784,1,54.4,32.79411765,33.29656982,24.66266632,25.49866676,24.89466667,24.98133278,23.24799919,24.89466667,25.49866676,23.24799919,24.98133278,173,135.6666718,209.3333282,177.6666718,169.3333282,209.3333282,135.6666718,169.3333282,177.6666718,66.41666412,24.33333397,103.6666641,86.33333588,51.33333206,103.6666641,24.33333397,51.33333206,86.33333588,11.76240349
119,Serra da Mesa,-48.33333333,-13.85,358.9,,63.90139175,,0.133037037,898,1,54.4,16.50735294,33.29656982,24.66266632,25.49866676,24.89466667,24.98133278,23.24799919,24.89466667,25.49866676,23.24799919,24.98133278,173,135.6666718,209.3333282,177.6666718,169.3333282,209.3333282,135.6666718,169.3333282,177.6666718,66.41666412,24.33333397,103.6666641,86.33333588,51.33333206,103.6666641,24.33333397,51.33333206,86.33333588,11.76240349
120,Serra da Mesa,-48.33333333,-13.85,175.1,,61.93576672,,0.264296296,1784,5,54.4,32.79411765,33.29656982,24.66266632,25.49866676,24.89466667,24.98133278,23.24799919,24.89466667,25.49866676,23.24799919,24.98133278,173,135.6666718,209.3333282,177.6666718,169.3333282,209.3333282,135.6666718,169.3333282,177.6666718,66.41666412,24.33333397,103.6666641,86.33333588,51.33333206,103.6666641,24.33333397,51.33333206,86.33333588,11.76240349
121,Serra da Mesa,-48.33333333,-13.85,652.6,,116.1940603,,0.133037037,898,6,24.3,36.95473251,33.29656982,24.66266632,25.49866676,24.89466667,24.98133278,23.24799919,24.89466667,25.49866676,23.24799919,24.98133278,173,135.6666718,209.3333282,177.6666718,169.3333282,209.3333282,135.6666718,169.3333282,177.6666718,66.41666412,24.33333397,103.6666641,86.33333588,51.33333206,103.6666641,24.33333397,51.33333206,86.33333588,11.76240349
122,Serra da Mesa,-48.33333333,-13.85,719.9,,128.1766841,,0.133037037,898,6,24.3,36.95473251,33.29656982,24.66266632,25.49866676,24.89466667,24.98133278,23.24799919,24.89466667,25.49866676,23.24799919,24.98133278,173,135.6666718,209.3333282,177.6666718,169.3333282,209.3333282,135.6666718,169.3333282,177.6666718,66.41666412,24.33333397,103.6666641,86.33333588,51.33333206,103.6666641,24.33333397,51.33333206,86.33333588,11.76240349
151,XingÃ³,-37.78333333,-9.616666667,1636.4,121,6.816564818,0.183285781,0.003112518,60,10,0.7,85.71428571,19.66582298,25.4386673,25.37199974,26.07999992,27.22933388,22.72400093,26.07999992,25.37199974,22.72400093,27.22933388,160.4166718,133.3333282,188,123,197.3333282,188,133.3333282,197.3333282,123,85.5,75.33333588,72.66666412,66.66666412,127.3333359,72.66666412,75.33333588,127.3333359,66.66666412,1.021605492
152,XingÃ³,-37.78333333,-9.616666667,2682.8,,11.17543394,,0.003112518,60,10,0.7,85.71428571,19.66582298,25.4386673,25.37199974,26.07999992,27.22933388,22.72400093,26.07999992,25.37199974,22.72400093,27.22933388,160.4166718,133.3333282,188,123,197.3333282,188,133.3333282,197.3333282,123,85.5,75.33333588,72.66666412,66.66666412,127.3333359,72.66666412,75.33333588,127.3333359,66.66666412,1.021605492
110,Samuel,-63.41666667,-8.8,1171.5,100,1738.125382,53.95182188,1.10859908,559,15,5,111.8,32.87684631,25.59733391,26.0933342,25.5933342,25.60000038,25.10400009,25.5933342,26.0933342,25.10400009,25.60000038,230.9166718,198,223.3333282,222.6666718,189.3333282,223.3333282,198,189.3333282,222.6666718,140.9166718,133,116,120,176.6666718,116,133,176.6666718,120,0.191898286
111,Samuel,-63.41666667,-8.8,,262,,141.3537733,1.10859908,559,12,5,111.8,32.87684631,25.59733391,26.0933342,25.5933342,25.60000038,25.10400009,25.5933342,26.0933342,25.10400009,25.60000038,230.9166718,198,223.3333282,222.6666718,189.3333282,223.3333282,198,189.3333282,222.6666718,140.9166718,133,116,120,176.6666718,116,133,176.6666718,120,0.191898286
112,Samuel,-63.41666667,-8.8,1909.1,13,2832.484137,7.013736845,1.10859908,559,12,5,111.8,32.87684631,25.59733391,26.0933342,25.5933342,25.60000038,25.10400009,25.5933342,26.0933342,25.10400009,25.60000038,230.9166718,198,223.3333282,222.6666718,189.3333282,223.3333282,198,189.3333282,222.6666718,140.9166718,133,116,120,176.6666718,116,133,176.6666718,120,0.191898286
113,Samuel,-63.41666667,-8.8,2205.5,,3272.245437,,1.10859908,559,16,5,111.8,32.87684631,25.59733391,26.0933342,25.5933342,25.60000038,25.10400009,25.5933342,26.0933342,25.10400009,25.60000038,230.9166718,198,223.3333282,222.6666718,189.3333282,223.3333282,198,189.3333282,222.6666718,140.9166718,133,116,120,176.6666718,116,133,176.6666718,120,0.191898286
135,Tucurui,-49.6,-3.916666667,,75,,3.936419033,0.107847097,2430,13,46,52.82608696,39.37179184,26.61833382,27.16533279,26.31200027,26.04800034,26.98533249,26.31200027,27.16533279,26.98533249,26.04800034,255,255,255,255,255,255,255,255,255,102.5833359,96.66666412,90.66666412,73.33333588,149.6666718,90.66666412,96.66666412,149.6666718,73.33333588,1.648105502
136,Tucurui,-49.6,-3.916666667,,40,,2.099423484,0.107847097,2430,22,46,52.82608696,39.37179184,26.61833382,27.16533279,26.31200027,26.04800034,26.98533249,26.31200027,27.16533279,26.98533249,26.04800034,255,255,255,255,255,255,255,255,255,102.5833359,96.66666412,90.66666412,73.33333588,149.6666718,90.66666412,96.66666412,149.6666718,73.33333588,1.648105502
137,Tucurui,-49.6,-3.916666667,,98,,5.143587536,0.107847097,2430,15,46,52.82608696,39.37179184,26.61833382,27.16533279,26.31200027,26.04800034,26.98533249,26.31200027,27.16533279,26.98533249,26.04800034,255,255,255,255,255,255,255,255,255,102.5833359,96.66666412,90.66666412,73.33333588,149.6666718,90.66666412,96.66666412,149.6666718,73.33333588,1.648105502
138,Tucurui,-49.6,-3.916666667,2181.8,12.7,314.9108983,0.666566956,0.107847097,2430,15,46,52.82608696,39.37179184,26.61833382,27.16533279,26.31200027,26.04800034,26.98533249,26.31200027,27.16533279,26.98533249,26.04800034,255,255,255,255,255,255,255,255,255,102.5833359,96.66666412,90.66666412,73.33333588,149.6666718,90.66666412,96.66666412,149.6666718,73.33333588,1.648105502
139,Tucurui,-49.6,-3.916666667,2845.4,,410.6918462,,0.107847097,2430,22,46,52.82608696,39.37179184,26.61833382,27.16533279,26.31200027,26.04800034,26.98533249,26.31200027,27.16533279,26.98533249,26.04800034,255,255,255,255,255,255,255,255,255,102.5833359,96.66666412,90.66666412,73.33333588,149.6666718,90.66666412,96.66666412,149.6666718,73.33333588,1.648105502
21,Curua-Una,-54.28333333,-2.816666667,790.9,65,317.54635,9.49,0.3,72,22,1,72,37.38153458,25.54066658,26.69733238,25.15200043,25.39999962,25.28000069,25.15200043,26.69733238,25.28000069,25.39999962,225.0833282,219.6666718,226,224,230.6666718,226,219.6666718,230.6666718,224,137.9166718,79,140.3333282,107.3333359,225,140.3333282,79,225,107.3333359,1.002474546
6,Balbina,-59.46666667,-1.883333333,3800,113,7087.897638,76.64425197,1.393700787,1770,20,18,98.33333333,44.28097534,26.89333344,27.63733482,26.49733353,26.62533379,26.78666687,26.49733353,27.63733482,26.78666687,26.62533379,114.4166641,116,104.6666641,106.3333359,130.6666718,104.6666641,116,130.6666718,106.3333359,67.33333588,67.33333588,60,63.33333206,78.66666412,60,67.33333588,78.66666412,63.33333206,0.0580815
94,Petit Saut,-53.03333333,5.05,1216.4,1140,1061.073685,361.6107143,0.651785714,365,3,3.5,104.2857143,24.00436783,25.64699936,25.65333366,25.65333366,25.69733238,25.69733238,26.10933304,26.10933304,25.03333282,25.03333282,237.3333282,229.6666718,229.6666718,235,235,242.6666718,242.6666718,242,242,153.4166718,122,122,200.3333282,200.3333282,159,159,132.3333282,132.3333282,0.087755479
95,Petit Saut,-53.03333333,5.05,1224.3,150,1067.964906,47.58035714,0.651785714,365,11,3.5,104.2857143,24.00436783,25.64699936,25.65333366,25.65333366,25.69733238,25.69733238,26.10933304,26.10933304,25.03333282,25.03333282,237.3333282,229.6666718,229.6666718,235,235,242.6666718,242.6666718,242,242,153.4166718,122,122,200.3333282,200.3333282,159,159,132.3333282,132.3333282,0.087755479
96,Petit Saut,-53.03333333,5.05,1296.3,180,1130.770978,57.09642857,0.651785714,365,9,3.5,104.2857143,24.00436783,25.64699936,25.65333366,25.65333366,25.69733238,25.69733238,26.10933304,26.10933304,25.03333282,25.03333282,237.3333282,229.6666718,229.6666718,235,235,242.6666718,242.6666718,242,242,153.4166718,122,122,200.3333282,200.3333282,159,159,132.3333282,132.3333282,0.087755479
97,Petit Saut,-53.03333333,5.05,1245.3,20,1086.283344,6.344047619,0.651785714,365,11,3.5,104.2857143,24.00436783,25.64699936,25.65333366,25.65333366,25.69733238,25.69733238,26.10933304,26.10933304,25.03333282,25.03333282,237.3333282,229.6666718,229.6666718,235,235,242.6666718,242.6666718,242,242,153.4166718,122,122,200.3333282,200.3333282,159,159,132.3333282,132.3333282,0.087755479
36,Furtuna,-82.18333333,9.233333333,320.5,129,2.405832258,0.352122946,0.00560884,10,18,0.2,50,47.15407181,25.92009735,26.33725548,26.33725548,26.14509773,26.14509773,26.11111069,26.11111069,25.20588112,25.20588112,245.3333282,254.6666718,254.6666718,226,226,246.6666718,246.6666718,254,254,143.1666718,175,175,97.66666412,97.66666412,114,114,186,186,0.051213536
37,Gatun Lake,-79.88333333,9.233333333,,537,,2523.039964,9.654243377,430,78,5,86,50.47520828,26.51300049,27.41600037,27.41600037,26.55333328,26.55333328,26.21999931,26.21999931,26.09866714,26.09866714,255,255,255,255,255,255,255,255,255,117.25,137.6666718,137.6666718,74,74,93.33333588,93.33333588,164,164,0.02023421
38,Gatun Lake,-79.88333333,9.233333333,608.5,80,7862.182495,375.8718755,9.654243377,430,90,5.2,82.69230769,50.47520828,26.51300049,27.41600037,27.41600037,26.55333328,26.55333328,26.21999931,26.21999931,26.09866714,26.09866714,255,255,255,255,255,255,255,255,255,117.25,137.6666718,137.6666718,74,74,93.33333588,93.33333588,164,164,0.02023421
86,New Melones,-120.5166667,37.98333333,-323.5,34,,1.952712215,0.118012422,38,25,3.8,10,15,16,14.11200047,14.11200047,24.29466629,24.29466629,17.2266655,17.2266655,8.094666481,8.094666481,153.8333282,183,183,134.6666718,134.6666718,133,133,164.6666718,164.6666718,92.41666412,158,158,56,56,62,62,93.66666412,93.66666412,0.662597954
89,Oroville,-121.4333333,39.55,279.8,75,6.379952228,0.62186811,0.017037482,34,36,4.4,7.727272727,50.60050583,15.64866638,14.17333317,14.17333317,23.51600075,23.51600075,16.7159996,16.7159996,8.189332962,8.189332962,161.9166718,175.3333282,175.3333282,154,154,154.6666718,154.6666718,163.6666718,163.6666718,89.25,182,182,27,27,63,63,85,85,0.18393071
23,Dillon Lake,-106.05,39.61666667,,21,,14.13554633,1.383125864,13,27,0.3,43.33333333,4,2.31799984,0.850666583,0.850666583,12.47066689,12.47066689,3.657333136,3.657333136,-7.410666466,-7.410666466,114.5,97.66666412,97.66666412,186.3333282,186.3333282,123.3333359,123.3333359,50.66666794,50.66666794,78.33333588,46,46,155,155,78.33333588,78.33333588,34,34,0.935717762
125,Shasta,-122.3833333,40.85,340.1,47,16.83213516,0.845858547,0.036980117,77,60,5.8,13.27586207,40,14.84233379,12.89333344,12.89333344,23.6400013,23.6400013,16.19999886,16.19999886,6.743999958,6.743999958,186.3333282,186.3333282,186.3333282,201.6666718,201.6666718,183.3333282,183.3333282,174,174,84.41666412,177.6666718,177.6666718,16.66666603,16.66666603,74.33333588,74.33333588,69,69,0.378367305
143,Wallula,-119.1666667,45.91666667,-95.2,84,,,,157,50,0.2,785,9,11.71800041,11.56000042,11.56000042,21.3560009,21.3560009,11.74266624,11.74266624,2.257333279,2.257333279,132.1666718,122,122,173.6666718,173.6666718,114.6666641,114.6666641,118.3333359,118.3333359,64.58333588,93,93,70,70,54.66666794,54.66666794,40.66666794,40.66666794,0.357966334
90,Outaouais,-74.66666667,45.93333333,349.6,,,,,,41,,,96.57631683,3.94633317,2.841333389,2.841333389,17.3920002,17.3920002,6.597333431,6.597333431,-11.01866627,-11.01866627,162.25,133.6666718,133.6666718,248,248,189,189,78.33333588,78.33333588,119,104.3333359,104.3333359,243.6666718,243.6666718,94,94,34,34,0.028746352
84,Moose Lake,-91.06666667,46.01666667,354.5,3,,,,7,73,7.1,0.985915493,54,4.390666962,4.178666592,4.178666592,17.82800102,17.82800102,6.253333569,6.253333569,-10.60533333,-10.60533333,154.75,130.6666718,130.6666718,243.6666718,243.6666718,178.3333282,178.3333282,66.33333588,66.33333588,117.9166641,100,100,240.6666718,240.6666718,97.66666412,97.66666412,33.33333206,33.33333206,0.193391576
131,Tiger Cat Dam (google maps),-91.24277778,46.02972222,60,11,,,,3,60,,,31,4.417333603,4.249333382,4.249333382,17.99866676,17.99866676,6.250666618,6.250666618,-10.78666687,-10.78666687,161.6666718,132.3333282,132.3333282,243.3333282,243.3333282,199,199,72,72,117.75,97.66666412,97.66666412,241.6666718,241.6666718,98.33333588,98.33333588,33.33333206,33.33333206,0.193391576
24,Dix,7.4,46.06666667,,0.01,,9.05E-06,0.001858736,4,45,0.4,10,85.21575928,-3.887333393,-7.273333549,-7.273333549,3.061333418,3.061333418,0.65866679,0.65866679,-9.58133316,-9.58133316,51.16666794,24.66666603,24.66666603,117.6666641,117.6666641,73.66666412,73.66666412,18.33333397,18.33333397,51.91666794,37.33333206,37.33333206,92.33333588,92.33333588,44.33333206,44.33333206,33.66666794,33.66666794,1.127666593
85,Nelson Lake,-91.5,46.08333333,193.6,6,,,,25,61,0.0259,965.2509653,27,4.653333187,4.598666668,4.598666668,18.26399994,18.26399994,6.441333771,6.441333771,-10.67199993,-10.67199993,168.1666718,137.3333282,137.3333282,243.3333282,243.3333282,185.6666718,185.6666718,51.66666794,51.66666794,114.1666641,92,92,236,236,95.33333588,95.33333588,33.33333206,33.33333206,0.277861029
17,Chippewa Lake,-90.98333333,46.18333333,106.4,7,138.9366389,3.323843037,0.97568778,61,73,,,26,4.287000179,3.996000051,3.996000051,17.72399902,17.72399902,6.00666666,6.00666666,-10.6746664,-10.6746664,161.5833282,136,136,243,243,188.6666718,188.6666718,78.66666412,78.66666412,120.1666641,109,109,240,240,98.33333588,98.33333588,33.33333206,33.33333206,0.011080701
22,Day Lake,-90.9,46.18333333,190.9,7,,,,2,29,,,42,4.252999783,3.93599987,3.93599987,17.60400009,17.60400009,6.074666977,6.074666977,-10.57600021,-10.57600021,161.5833282,137.3333282,137.3333282,240.6666718,240.6666718,186.3333282,186.3333282,78.33333588,78.33333588,120.0833359,107,107,243,243,97,97,33.33333206,33.33333206,0.011080701
153,Zeuzier,7.433333333,46.35,,0.1,,0.000202778,0.004166667,1,49,0.1,10,89.2654953,1.770666599,-0.772000074,-0.772000074,8.978666306,8.978666306,3.231999874,3.231999874,-4.355999947,-4.355999947,79.5,36.66666794,36.66666794,155.3333282,155.3333282,105.6666641,105.6666641,20.33333397,20.33333397,73.58333588,55.33333206,55.33333206,141.3333282,141.3333282,63.33333206,63.33333206,34.33333206,34.33333206,4.230169296
11,Bianco,10.01666667,46.4,,0.01,,7.72E-05,0.015873016,2,94,0.1,20,108.5290756,-1.954666734,-3.868000031,-3.868000031,5.549333096,5.549333096,0.112000108,0.112000108,-8.910666466,-8.910666466,57.58333206,19.33333397,19.33333397,117,117,82,82,12,12,54.16666794,36.33333206,36.33333206,101.6666641,101.6666641,44.33333206,44.33333206,34.33333206,34.33333206,7.406728745
87,Oberaar,8.266666667,46.55,,0.3,,0.003041667,0.020833333,1,53,0.1,10,81.07259369,-0.781666696,-3.326666594,-3.326666594,6.089333534,6.089333534,0.754666626,0.754666626,-6.644000053,-6.644000053,30.16666603,23.66666603,23.66666603,44.33333206,44.33333206,32.66666794,32.66666794,20,20,50.25,36.33333206,36.33333206,84.33333588,84.33333588,46.33333206,46.33333206,34,34,97.91664886
26,Dworkshak,-116.25,46.56666667,-325.9,47,,0.511769567,0.02237407,37,31,4.3,8.604651163,62,8.780666351,8.048000336,8.048000336,18.19733429,18.19733429,9.006667137,9.006667137,-0.129333332,-0.129333332,172.0833282,181.6666718,181.6666718,199,199,179,179,128.6666718,128.6666718,97.41666412,147.6666718,147.6666718,117.6666641,117.6666641,81.66666412,81.66666412,42.66666794,42.66666794,0.928592026
41,Grimsel,8.333333333,46.56666667,,0.4,,0.012166667,0.0625,3,74,0.1,30,105.1093826,0.916333318,-1.338666797,-1.338666797,8.042666435,8.042666435,1.439999938,1.439999938,-5.266666412,-5.266666412,70.66666412,27.33333397,27.33333397,146.3333282,146.3333282,90,90,19,19,61.25,38.66666794,38.66666794,118.6666641,118.6666641,54,54,33.66666794,33.66666794,97.91664886
70,Luzzone,8.966666667,46.56666667,686.2,0.1,4.373163492,0.000231746,0.004761905,1,46,0.1,10,83.16172791,3.53733325,1.921333313,1.921333313,10.87333298,10.87333298,2.726666689,2.726666689,-3,-3,105.1666641,80.33333588,80.33333588,188.3333282,188.3333282,124.6666641,124.6666641,27.33333397,27.33333397,79,51,51,170.6666718,170.6666718,59.66666794,59.66666794,34.66666794,34.66666794,7.059551716
115,Santa Maria,8.8,46.56666667,,0.2,,0.000372925,0.003831418,1,38,0.1,10,101.3520584,-0.458666712,-2.844000101,-2.844000101,6.400000095,6.400000095,1.453333378,1.453333378,-6.261333466,-6.261333466,92.16666412,22,22,119.3333359,119.3333359,85.33333588,85.33333588,19,19,64.66666412,41.33333206,41.33333206,128.3333282,128.3333282,54.66666794,54.66666794,34.33333206,34.33333206,0.953443348
42,Gruyere,7.1,46.65,192.8,0.7,11.9458642,0.015771605,0.046296296,10,59,0.2,50,75.3223114,6.175000191,4.997333527,4.997333527,13.90666676,13.90666676,8.397333145,8.397333145,-1.026666641,-1.026666641,226.1666718,205,205,221.6666718,221.6666718,222.6666718,222.6666718,184.3333282,184.3333282,126.4166641,135.3333282,135.3333282,224.3333282,224.3333282,106.6666641,106.6666641,39.33333206,39.33333206,0.509835958
9,Baskatong (Mercier),-75.8,46.71666667,316.6,3.2,2164.893616,7.956882296,5.10929942,413,70,2.6,158.8461538,90.34996033,2.816333294,1.892000079,1.892000079,16.5359993,16.5359993,6.278666496,6.278666496,-12.69466686,-12.69466686,255,255,255,255,255,255,255,255,255,109.4166641,90.66666412,90.66666412,229.3333282,229.3333282,84,84,33.66666794,33.66666794,0.044514261
15,Cabonga,-75.8,46.8,376.6,13.9,,,,434,79,1.3,333.8461538,80.79978943,2.945666552,1.73333323,1.73333323,16.95066643,16.95066643,6.402666569,6.402666569,-12.83466721,-12.83466721,255,255,255,255,255,255,255,255,255,94.75,77.33333588,77.33333588,193.3333282,193.3333282,75,75,33.33333206,33.33333206,0.044514261
69,Lungern,8.166666667,46.8,96.3,0.1,,,,2,86,0.1,20,92.2250061,7.510666847,6.665333271,6.665333271,15.08666706,15.08666706,7.270666599,7.270666599,0.25999999,0.25999999,168.6666718,165.3333282,165.3333282,234.6666718,234.6666718,180.3333282,180.3333282,94.33333588,94.33333588,116.75,125.3333359,125.3333359,207.6666718,207.6666718,95.33333588,95.33333588,38.66666794,38.66666794,0.614723265
126,Sihl,8.8,47.13333333,125.5,0.2,7.302644928,0.004231884,0.043478261,11,70,0.1,110,84.70752716,6.621666908,5.566666603,5.566666603,14.18266678,14.18266678,7.355999947,7.355999947,-0.482666671,-0.482666671,207.5,208,208,226.3333282,226.3333282,208.3333282,208.3333282,187.3333282,187.3333282,122.5,133,133,219.3333282,219.3333282,100,100,37.66666794,37.66666794,1.422060251
14,Cabonga,-76.68333333,47.5,381.8,18,,,,434,70,1.3,333.8461538,82.61468506,1.709333301,0.191999897,0.191999897,16.18266678,16.18266678,4.64800024,4.64800024,-14.45600033,-14.45600033,255,255,255,255,255,255,255,255,255,101.75,72.33333588,72.33333588,192.6666718,192.6666718,77,77,33.33333206,33.33333206,0.021286808
29,F. D. Roosevelt,-118.7666667,47.9,-126,11,,0.086595126,0.016175926,306,62,11.6,26.37931034,22,9.403333664,9.182666779,9.182666779,20.05733299,20.05733299,9.083999634,9.083999634,-1.094666719,-1.094666719,130.75,135.6666718,135.6666718,124,124,132.6666718,132.6666718,130.6666718,130.6666718,63.75,92.33333588,92.33333588,71.66666412,71.66666412,54,54,37,37,1.051294088
141,Upper Salmon,-56.5,48.3,524.5,,405.8811472,,0.578214651,130,20,2.16,60.18518519,145.8786774,3.011999846,0.202666581,0.202666581,13.74666691,13.74666691,6.217333317,6.217333317,-7.646667004,-7.646667004,255,255,255,255,255,255,255,255,255,83.41666412,54.33333206,54.33333206,171,171,75,75,33.33333206,33.33333206,0.153624192
81,Meelpaeg (Granite Lake),-57.6,48.33333333,889.9,,425.3510119,,0.357142857,80,31,0.8,100,82.89285278,2.75999999,-0.106666774,-0.106666774,13.59599972,13.59599972,4.386666775,4.386666775,-7.778666496,-7.778666496,151.4166718,85,85,203.6666718,203.6666718,182.6666718,182.6666718,82,82,85.33333588,55,55,180.6666718,180.6666718,72.66666412,72.66666412,33,33,0.080448732
71,Maelpaeg,-57.05,48.35,375.3,,,,,328,33,,,166.7272797,2.361000061,-0.236000016,-0.236000016,13.40933323,13.40933323,4.796000004,4.796000004,-8.525333405,-8.525333405,142.9166718,95.66666412,95.66666412,224,224,168,168,84,84,78.66666412,50,50,163.6666718,163.6666718,68,68,33,33,0.018266691
142,Upper Salmon (Long Pond),-56.5,48.58333333,519.8,,,,,130,33,2.62,49.61832061,176.4060669,2.910666704,0.432000101,0.432000101,13.85333347,13.85333347,5.433333397,5.433333397,-8.00399971,-8.00399971,131.75,94.66666412,94.66666412,214,214,167,167,51.33333206,51.33333206,89.33333588,60.66666794,60.66666794,185.3333282,185.3333282,78,78,33.33333206,33.33333206,0.195156395
39,Gouin,-74.95,48.93333333,181.4,2.7,47055.481,254.6853738,193.8244854,1789,39,85.7,20.87514586,120.8129883,-0.264000028,-1.150666595,-1.150666595,14.48666668,14.48666668,2.53733325,2.53733325,-16.92933273,-16.92933273,124.9166641,90,90,212.3333282,212.3333282,150.3333282,150.3333282,47,47,93.33333588,73.33333588,73.33333588,195.3333282,195.3333282,71.66666412,71.66666412,33,33,0.004873137
144,Waneta,-117.6166667,49.08333333,-127.9,38.8,,0.234552719,0.012421589,20,20,0.0376,531.9148936,66.3666687,7.221666813,7.233333588,7.233333588,17.29999924,17.29999924,8.027999878,8.027999878,-2.649333477,-2.649333477,167.8333282,153,153,210.6666718,210.6666718,187.6666718,187.6666718,120,120,102.75,131.3333282,131.3333282,163,163,82.66666412,82.66666412,34,34,0.139454871
145,Whatshan,-116.1,49.08333333,182.7,,,,,15,40,0.122,122.9508197,63.71052551,4.587999821,4.276000023,4.276000023,14.58133316,14.58133316,4.805333138,4.805333138,-5.380000114,-5.380000114,154.0833282,143,143,212,212,191,191,113.6666641,113.6666641,106.6666641,114,114,193.6666718,193.6666718,85,85,34,34,0.104155101
146,Whatshan,-116.1,49.08333333,-1.4,5.8,,,,15,51,0.122,122.9508197,63.71052551,4.587999821,4.276000023,4.276000023,14.58133316,14.58133316,4.805333138,4.805333138,-5.380000114,-5.380000114,154.0833282,143,143,212,212,191,191,113.6666641,113.6666641,106.6666641,114,114,193.6666718,193.6666718,85,85,34,34,0.104155101
93,Peribonka,-72.01666667,49.26666667,682.9,,,,,19,,5.18,3.667953668,85.65878296,0.8246665,0.093333125,0.093333125,15.5666666,15.5666666,3.853333473,3.853333473,-16.34399986,-16.34399986,125.25,94.66666412,94.66666412,215.6666718,215.6666718,147.6666718,147.6666718,43,43,97.16666412,78.66666412,78.66666412,202.3333282,202.3333282,74.66666412,74.66666412,33,33,0.043543592
102,Red Indian,-57.08333333,49.3,208.4,,,,,184,93,1.2743,144.3930001,166.3636475,3.581666708,1.197333455,1.197333455,14.46666622,14.46666622,5.286666393,5.286666393,-7.379999638,-7.379999638,157.25,255,255,255,255,255,255,255,255,87.91666412,53,53,158,158,67.33333588,67.33333588,33,33,0.053880706
1,Alouette Lake,-122.4333333,49.31666667,-111,,,,0.233627802,16,74,0.2097,76.29947544,171.2696686,7.165333271,6.079999924,6.079999924,14.17066669,14.17066669,8.657333374,8.657333374,0.483999997,0.483999997,177.1666718,138,138,215,215,218.6666718,218.6666718,137,137,103.0833359,121,121,180.3333282,180.3333282,72.66666412,72.66666412,38.33333206,38.33333206,0.310830116
130,Stave Lake,-122.2833333,49.33333333,164.2,,503.5893333,,2.291601379,1170,91,0.4,2925,177.5333405,7.846000195,6.909333229,6.909333229,14.94133282,14.94133282,9.833333969,9.833333969,1.024000049,1.024000049,226.25,223,223,229.6666718,229.6666718,234.6666718,234.6666718,217.6666718,217.6666718,112.9166641,136.6666718,136.6666718,199.3333282,199.3333282,77,77,38.66666794,38.66666794,0.468641251
13,Buntzen,-122.85,49.35,384.8,,1.734822276,,0.003368648,2,88,,,174.6499939,8.307666779,7.169333458,7.169333458,14.80799961,14.80799961,8.937333107,8.937333107,2.315999985,2.315999985,228.75,233.6666718,233.6666718,229.3333282,229.3333282,239,239,213,213,110.4166641,131.6666718,131.6666718,193.3333282,193.3333282,76.66666412,76.66666412,40,40,0.280570507
51,Kootenay Lake,-116.75,49.35,-38.7,23.5,,2.219216508,0.194043997,389,20,36.7,10.59945504,61.45965195,7.808666706,6.944000244,6.944000244,16.84666634,16.84666634,8.185333252,8.185333252,-0.606666684,-0.606666684,149.5,122.6666641,122.6666641,177.6666718,177.6666718,165.3333282,165.3333282,132.3333282,132.3333282,98.66666412,87.66666412,87.66666412,194.6666718,194.6666718,79,79,33.33333206,33.33333206,0.098137967
72,Manic 1,-68.58333333,49.35,832.9,11.3,18.84102485,0.092951716,0.016902361,12,52,0.039,307.6923077,89.3345871,1.368999958,0.041333199,0.041333199,14.80133343,14.80133343,4.050666809,4.050666809,-13.4173336,-13.4173336,144.8333282,113.3333359,113.3333359,215.3333282,215.3333282,187.6666718,187.6666718,63,63,84.83333588,64.66666412,64.66666412,172,172,70,70,32.66666794,32.66666794,0.003041228
49,Jones Reservoir,-122.0166667,49.38333333,-58.1,,,,0.013144404,5,50,,,118.3000031,7.08433342,6.125333309,6.125333309,14.55200005,14.55200005,8.555999756,8.555999756,-0.103999995,-0.103999995,203.3333282,180.3333282,180.3333282,235,235,239,239,159,159,119.3333359,145,145,210.6666718,210.6666718,82.33333588,82.33333588,39.33333206,39.33333206,1.650007606
114,Sandy,-57.05,49.41666667,684.5,,7209.947892,,7.870356025,508,39,2.7,188.1481481,167.7924194,3.413666725,1.01333344,1.01333344,14.27333355,14.27333355,5.857333183,5.857333183,-7.489333153,-7.489333153,121.5,78.33333588,78.33333588,207,207,156,156,44.66666794,44.66666794,91.75,58,58,199,199,76.66666412,76.66666412,33.33333206,33.33333206,0.053880706
3,Arrow-Narrows,-123.25,49.43333333,354.5,,290.0796212,,0.611415839,520,22,38.6,13.47150259,134.1515808,7.524537086,6.218518257,6.218518257,13.96111107,13.96111107,10.58333302,10.58333302,1.681481481,1.681481481,215.8333282,230,230,242,242,254.3333282,254.3333282,137,137,112,130.6666718,130.6666718,197.3333282,197.3333282,78.33333588,78.33333588,41.66666794,41.66666794,0.849179447
4,Arrow-Narrows,-123.25,49.43333333,-265.1,52.9,,,,520,33,38.6,13.47150259,134.1515808,7.524537086,6.218518257,6.218518257,13.96111107,13.96111107,10.58333302,10.58333302,1.681481481,1.681481481,215.8333282,230,230,242,242,254.3333282,254.3333282,137,137,112,130.6666718,130.6666718,197.3333282,197.3333282,78.33333588,78.33333588,41.66666794,41.66666794,0.849179447
2,Arrow-Lower,-118.15,49.63333333,-281.5,6.6,,2.163523316,0.67357513,520,33,38.6,13.47150259,75.01748657,7.992666721,7.618666649,7.618666649,17.68666649,17.68666649,7.966666698,7.966666698,-1.301333308,-1.301333308,167.25,152,152,205,205,195.6666718,195.6666718,116.3333359,116.3333359,97.33333588,98,98,182.6666718,182.6666718,75,75,33.66666794,33.66666794,0.080619268
10,Bersimis,-70.15,49.65,407.7,0.1,34.78097301,0.003102189,0.06374362,798,43,1.6,498.75,90.39226532,0.098333307,-2.130666494,-2.130666494,14.03733349,14.03733349,3.714666605,3.714666605,-15.22800064,-15.22800064,255,255,255,255,255,255,255,255,255,83.08333588,59,59,173,173,67.33333588,67.33333588,33,33,0.017996006
43,Hinds,-57.06666667,49.65,574.1,,45.83829688,,0.059659091,21,23,0.275,76.36363636,106.75,1.954666734,-0.879999995,-0.879999995,13.06000042,13.06000042,4.315999985,4.315999985,-8.677332878,-8.677332878,136.75,89,89,212.6666718,212.6666718,203,203,42.33333206,42.33333206,83.83333588,47.66666794,47.66666794,183,183,71.33333588,71.33333588,33.33333206,33.33333206,0.005618512
73,Manic 2,-68.63333333,49.76666667,231.3,6,7.590469844,0.071599763,0.024520467,124,34,1.2,103.3333333,84.45127869,0.59766674,-0.581333339,-0.581333339,14.68933392,14.68933392,2.710666895,2.710666895,-14.95333385,-14.95333385,136.75,92.33333588,92.33333588,212.6666718,212.6666718,179.3333282,179.3333282,62.66666794,62.66666794,86.5,58.66666794,58.66666794,181.3333282,181.3333282,73.33333588,73.33333588,32.66666794,32.66666794,0.041592494
91,Outardes 3,-69.35,49.95,23.2,0.1,0.105297406,0.000165043,0.003391294,11,30,0.215,51.1627907,87.7666626,-0.665333509,-1.79733336,-1.79733336,14.01599979,14.01599979,2.166666508,2.166666508,-17.0466671,-17.0466671,116.4166641,78.66666412,78.66666412,202.3333282,202.3333282,143,143,41.66666794,41.66666794,80.25,53.33333206,53.33333206,166.3333282,166.3333282,68.33333588,68.33333588,33,33,0.0388535
150,Wohlen,7.316666667,49.96666667,287.2,1.6,9.609233333,0.019466667,0.025,4,86,0,,79,8.213666916,7.63599968,7.63599968,16.0253334,16.0253334,8.293333054,8.293333054,0.791999996,0.791999996,197.5833282,196.3333282,196.3333282,205.3333282,205.3333282,191.3333282,191.3333282,197.3333282,197.3333282,99.16666412,122,122,164.6666718,164.6666718,72.33333588,72.33333588,37.66666794,37.66666794,0.657212198
60,Lac St-Jean,-70.51666667,50.06666667,403.6,,,,,1053,47,11.9,88.48739496,89.94545746,-1.032666564,-2.174666643,-2.174666643,14.06000042,14.06000042,1.805333495,1.805333495,-17.77999878,-17.77999878,135.5,101,101,221.3333282,221.3333282,162,162,57.66666794,57.66666794,71.75,51,51,142.6666718,142.6666718,60.33333206,60.33333206,33,33,0.009655607
16,Cat Arm,-57.58333333,50.08333333,615.5,,52.08970466,,0.063235294,43,16,1,43,109.9545441,2.342666864,-0.194666624,-0.194666624,13.13866711,13.13866711,4.696000099,4.696000099,-8.269332886,-8.269332886,149.25,113,113,221.6666718,221.6666718,192,192,70.33333588,70.33333588,73.08333588,43.66666794,43.66666794,153.6666718,153.6666718,62,62,33,33,0.074795224
132,Toulnoustouc,-68.38333333,50.1,379.9,0.1,,,,235,46,2.798,83.98856326,88.46665955,-1.131000042,-2.465333462,-2.465333462,13.50266647,13.50266647,1.752000213,1.752000213,-17.07333374,-17.07333374,120.4166641,86.33333588,86.33333588,198.3333282,198.3333282,147.6666718,147.6666718,49.33333206,49.33333206,75.25,51.66666794,51.66666794,149.6666718,149.6666718,66.66666412,66.66666412,33,33,0.060181219
124,Seven Sisters Falls,-96,50.11666667,1357.9,,38.54927222,,0.021212121,21,71,0.1314,159.8173516,104.4247131,2.053000212,2.109333277,2.109333277,17.40000153,17.40000153,4.309333324,4.309333324,-15.5199995,-15.5199995,123.9166641,149.6666718,149.6666718,228,228,188.3333282,188.3333282,104.6666641,104.6666641,98.83333588,88,88,190.3333282,190.3333282,83.66666412,83.66666412,33.33333206,33.33333206,0.003311808
129,Slave Falls,-95.56666667,50.21666667,280.4,,5.030989134,,0.013406366,7,35,,,62.85713959,1.934333324,2.140000105,2.140000105,17.40933228,17.40933228,4.038666725,4.038666725,-15.82933331,-15.82933331,154.9166718,126.3333359,126.3333359,213,213,180,180,100.3333359,100.3333359,93.08333588,91.33333588,91.33333588,169.3333282,169.3333282,78.66666412,78.66666412,33,33,0.051311061
74,Manic 3,-69.03333333,50.23333333,83.5,1.1,5.413551053,0.025933179,0.048443049,236,28,10.4,22.69230769,88.56666565,-0.556000054,-2.281333447,-2.281333447,13.76533318,13.76533318,2.029333353,2.029333353,-16.63333321,-16.63333321,111.6666641,82,82,190,190,134,134,40.66666794,40.66666794,75.66666412,55,55,150.3333282,150.3333282,64.33333588,64.33333588,33,33,0.036057346
59,Lac Du Bonnet,-96.01666667,50.26666667,940.1,23.8,442.2133477,4.071008954,0.351474239,126,47,0.22,572.7272727,76.52986145,2.094333172,2.256000042,2.256000042,17.53999901,17.53999901,4.325333118,4.325333118,-15.60133362,-15.60133362,109.4166641,81,81,215.3333282,215.3333282,110,110,31.33333397,31.33333397,91.91666412,73.66666412,73.66666412,186,186,74.66666412,74.66666412,33.33333206,33.33333206,0.000197588
92,Outardes 4,-69.2,50.26666667,596.5,0.9,190.26365,0.104389109,0.2383313,625,32,17.5,35.71428571,85.34999847,-0.416000068,-2.452000141,-2.452000141,13.67866707,13.67866707,1.678666711,1.678666711,-16.24399948,-16.24399948,255,255,255,255,255,255,255,255,255,73.41666412,51.66666794,51.66666794,147.6666718,147.6666718,61.33333206,61.33333206,33,33,0.035081744
99,Pointe du Bois,-95.53333333,50.3,846,,1119.02065,,0.988333333,593,35,,,53.14286041,1.934333324,2.140000105,2.140000105,17.40933228,17.40933228,4.158666611,4.158666611,-15.82933331,-15.82933331,154.9166718,126.3333359,126.3333359,213,213,180,180,100.3333359,100.3333359,93.33333588,91.33333588,91.33333588,169.3333282,169.3333282,78.66666412,78.66666412,33,33,0.003066936
5,Arrow-Upper,-117.9,50.31666667,283.4,23,,,,520,33,10.3,50.48543689,62.19112396,5.915333271,5.168000221,5.168000221,15.2626667,15.2626667,7.363999844,7.363999844,-2.727999926,-2.727999926,186,164.6666718,164.6666718,222.6666718,222.6666718,218,218,138.6666718,138.6666718,89.08333588,70,70,184.6666718,184.6666718,68,68,33.66666794,33.66666794,0.956802428
40,Great Falls,-90,50.45,1569.3,15.3,19.01363842,0.067409017,0.009053051,10,86,0.0486,205.7613169,96.9787674,-0.076666683,-0.467999756,-0.467999756,15.65733337,15.65733337,2.45600009,2.45600009,-17.93333435,-17.93333435,137.3333282,115.6666641,115.6666641,203,203,162,162,68.66666412,68.66666412,89.66666412,76.66666412,76.66666412,177.6666718,177.6666718,71.33333588,71.33333588,33,33,0.009086517
108,Sainte-Marguerite 2,-67.06666667,50.51666667,410.7,4.1,,,,,,,,129.5166626,-1.36833334,-2.638666868,-2.638666868,12.78666687,12.78666687,0.830666542,0.830666542,-16.60666656,-16.60666656,135.0833282,99.33333588,99.33333588,204.3333282,204.3333282,163.6666718,163.6666718,73,73,82.08333588,57.33333206,57.33333206,171.3333282,171.3333282,66.66666412,66.66666412,33,33,0.043455239
98,Pine Falls,-96.2,50.56666667,928.4,0.1,18.03641613,0.000706452,0.014516129,9,50,,,99.60803986,1.933000088,1.838666797,1.838666797,17.38400078,17.38400078,4.194666386,4.194666386,-15.67333317,-15.67333317,134.4166718,104.3333359,104.3333359,222.6666718,222.6666718,151.6666718,151.6666718,59,59,94.83333588,76.66666412,76.66666412,190.3333282,190.3333282,79.33333588,79.33333588,33,33,0.036540464
103,Revelstoke,-118.2,51,600,,13.86893882,,0.017271406,120,8,5.3,22.64150943,64.56184387,4.840333462,4.573333263,4.573333263,15.13333416,15.13333416,5.230666637,5.230666637,-5.203999996,-5.203999996,123.5,61.33333206,61.33333206,229.3333282,229.3333282,152,152,51.33333206,51.33333206,95.83333588,88.33333588,88.33333588,192,192,69.33333588,69.33333588,33.66666794,33.66666794,0.030071795
107,Robertson,-59.88333333,51,384,6.1,249.425969,1.440812889,0.48534007,73,7,,,163.7822266,0.011666785,-2.045333385,-2.045333385,12.46266651,12.46266651,2.878666639,2.878666639,-13.44533348,-13.44533348,151.5833282,90.66666412,90.66666412,208.3333282,208.3333282,205,205,59.33333206,59.33333206,85.91666412,51,51,185.3333282,185.3333282,69,69,33,33,0.072874844
75,Manic 5,-69.15,51.33333333,383.7,6.1,103.3648579,0.597555508,0.201287505,1973,38,120.1,16.42797669,86.92672729,-1.506333232,-3.28000021,-3.28000021,12.44666672,12.44666672,1.942666531,1.942666531,-17.42000008,-17.42000008,255,255,255,255,255,255,255,255,255,71.58333588,49,49,148.6666718,148.6666718,55.66666794,55.66666794,33,33,0.035202648
109,Sainte-Marguerite 3,-67.03333333,51.66666667,1495.6,2.7,193.145302,0.126794309,0.096494908,253,4,11.9,21.2605042,110.8755341,-4.263999939,-5.880000114,-5.880000114,10.61199951,10.61199951,-1.480000019,-1.480000019,-20.07466698,-20.07466698,98.58333588,31,31,193.3333282,193.3333282,140.6666718,140.6666718,29.33333397,29.33333397,65.25,38,38,135.6666718,135.6666718,54.33333206,54.33333206,33,33,0.032799032
50,Kinbasket (grand),-118.5705556,52.07861111,144.5,,11.5340918,,0.059641871,430,19,25,17.2,71.2666626,3.664999962,3.413333416,3.413333416,13.96000004,13.96000004,3.839999914,3.839999914,-6.553333282,-6.553333282,128.1666718,80,80,222,222,147.3333282,147.3333282,63.33333206,63.33333206,75.5,57,57,157,157,54.66666794,54.66666794,33.33333206,33.33333206,0.133161515
27,Eastmain-Opinica,-76.61666667,52.78333333,940.9,8,279.8306296,0.865185185,0.222222222,600,13,4.2,142.8571429,141.0909119,-1.432999969,-3.267999887,-3.267999887,13.72666645,13.72666645,2.111999989,2.111999989,-18.50933266,-18.50933266,255,255,255,255,255,255,255,255,255,57,40.66666794,40.66666794,108.6666641,108.6666641,45.66666794,45.66666794,33,33,0.002963424
88,Opinaca,-76.61666667,52.78333333,514.1,,,,,947,23,8.5,111.4117647,141.0909119,-1.432999969,-3.267999887,-3.267999887,13.72666645,13.72666645,2.111999989,2.111999989,-18.50933266,-18.50933266,255,255,255,255,255,255,255,255,255,57,40.66666794,40.66666794,108.6666641,108.6666641,45.66666794,45.66666794,33,33,0.002963424
28,EOL,-77.1,53.45,316.6,3.8,,,,,24,,,174.3181763,-2.034999847,-4.146666527,-4.146666527,13.52400017,13.52400017,1.922666669,1.922666669,-19.49200058,-19.49200058,115.5833359,255,255,255,255,255,255,255,255,59.5,42.66666794,42.66666794,114.3333359,114.3333359,48,48,33,33,0.007641552
105,Robert-Bourassa,-77,53.66666667,409.1,13,41.20980613,0.476191622,0.07526738,2815,15,61.7,45.62398703,,-2.374333382,-5.21333313,-5.21333313,11.36266708,11.36266708,3.042666674,3.042666674,-18.58933258,-18.58933258,255,255,255,255,255,255,255,255,255,45.33333206,36,36,72,72,40.33333206,40.33333206,33,33,0.049293697
106,Robert-Bourassa,-77,53.66666667,465.3,7.9,47.20400074,0.291433957,0.075802139,2835,20,61.7,45.94813614,,-2.374333382,-5.21333313,-5.21333313,11.36266708,11.36266708,3.042666674,3.042666674,-18.58933258,-18.58933258,255,255,255,255,255,255,255,255,255,45.33333206,36,36,72,72,40.33333206,40.33333206,33,33,0.049293697
56,La Grande 2,-76,53.83333333,354.5,5,188.7609517,0.968129,0.397861233,2835,17,52,54.51923077,104.272728,-2.366333246,-4.368000031,-4.368000031,12.82933331,12.82933331,1.345333457,1.345333457,-19.27733231,-19.27733231,120.5,82,82,191,191,147.3333282,147.3333282,61.66666794,61.66666794,58.58333206,40.66666794,40.66666794,115,115,45.66666794,45.66666794,33,33,0.500556946
57,La Grande 3,-76.13333333,54.2,465.5,8.1,173.0718145,1.095113132,0.277806477,2420,19,60,40.33333333,148.5909119,-2.419333458,-5.085333347,-5.085333347,12.1239996,12.1239996,2.010666609,2.010666609,-19.07466698,-19.07466698,121.4166641,255,255,255,255,255,255,255,255,62.75,41.33333206,41.33333206,126,126,48,48,33,33,0.023146667
61,Laforge-1,-72.58333333,54.2,627.3,13,295.5789196,2.227454432,0.352073936,960,2,8,120,122.9212112,-3.765333176,-6.349333286,-6.349333286,11.40133286,11.40133286,0.490666658,0.490666658,-20.60400009,-20.60400009,97.58333588,33.33333206,33.33333206,178.3333282,178.3333282,136,136,42.66666794,42.66666794,50.66666794,36.33333206,36.33333206,91.33333588,91.33333588,42,42,33,33,0.10448093
62,Laforge-1,-72.58333333,54.2,562.4,27.3,,,,1288,9,8,161,122.9212112,-3.765333176,-6.349333286,-6.349333286,11.40133286,11.40133286,0.490666658,0.490666658,-20.60400009,-20.60400009,97.58333588,33.33333206,33.33333206,178.3333282,178.3333282,136,136,42.66666794,42.66666794,50.66666794,36.33333206,36.33333206,91.33333588,91.33333588,42,42,33,33,0.10448093
25,Duncan Lake,-126,54.41666667,-220.9,10,,,,56,37,1.7,32.94117647,44.85526276,2.093333244,2.397333145,2.397333145,12.50266647,12.50266647,2.497333288,2.497333288,-9.21866703,-9.21866703,157.75,140,140,215.6666718,215.6666718,200.3333282,200.3333282,75,75,92.33333588,80.66666412,80.66666412,199.3333282,199.3333282,56,56,33.33333206,33.33333206,0.034292344
55,La Grande 1,-78.51666667,54.5,454.6,8.8,9.377203103,0.066007589,0.015412731,70,24,1.2,58.33333333,133.0727234,-3.375999928,-6.289333344,-6.289333344,12.26933384,12.26933384,1.572000146,1.572000146,-20.91466713,-20.91466713,101.5,63.66666794,63.66666794,179.3333282,179.3333282,135.3333282,135.3333282,27.66666603,27.66666603,51.91666794,38,38,92.66666412,92.66666412,44,44,33,33,0.109020479
58,La Grande 4,-73.21666667,54.6,321.3,10.8,32.61824219,0.398695092,0.075855231,765,20,22,34.77272727,112.5922089,-3.83833313,-6.438666821,-6.438666821,12.15866661,12.15866661,0.004000107,0.004000107,-20.98133278,-20.98133278,96.5,52,52,178.3333282,178.3333282,122.6666641,122.6666641,33,33,52.83333206,37,37,98.66666412,98.66666412,42.66666794,42.66666794,33,33,0.070419416
12,Brisay/Caniapiscau,-70.43333333,54.66666667,182.5,9.8,901.9528849,17.61223068,3.692807663,4318,19,34.3,125.8892128,118.227272,-4.983333111,-7.487999916,-7.487999916,11.19333363,11.19333363,-1.22666657,-1.22666657,-22.41333389,-22.41333389,98,70,70,166.3333282,166.3333282,123,123,32.66666794,32.66666794,54.33333206,35,35,106,106,43.33333206,43.33333206,33,33,0.340185106
63,Laforge-2,-70.25,54.95,227.2,7.5,91.94290543,1.103668039,0.302374805,260,19,1.84,141.3043478,108.2621155,-5.252999783,-7.853332996,-7.853332996,10.8239994,10.8239994,-1.437333107,-1.437333107,-22.54533386,-22.54533386,96.66666412,67,67,168.6666718,168.6666718,121.3333359,121.3333359,29.66666603,29.66666603,54.08333206,35,35,104.6666641,104.6666641,43.66666794,43.66666794,33,33,0.025816988
148,Williston-Parsnip,-123.6,55.81666667,479.5,,87.14802691,,0.135801527,1779,33,70.3,25.30583215,72.58333588,-0.678666592,-1.054666638,-1.054666638,10.28533363,10.28533363,1.138666749,1.138666749,-11.33466625,-11.33466625,93.41666412,40.33333206,40.33333206,207.6666718,207.6666718,91.66666412,91.66666412,34,34,68.25,48,48,148,148,44,44,33,33,0.119776294
123,Seven Mile,-120.4,55.96666667,-199.4,109.5,,0.0666125,0.00125,4,23,0.104,38.46153846,59.43421173,1.642666817,2.624000072,2.624000072,14.24666691,14.24666691,2.399999857,2.399999857,-12.29466629,-12.29466629,134.25,90.66666412,90.66666412,219.3333282,219.3333282,128.3333282,128.3333282,31,31,86.83333588,72,72,188.6666718,188.6666718,53.33333206,53.33333206,33.33333206,33.33333206,0.576237381
149,Williston-Peace,-123.3166667,56.11666667,250.9,,214.8006949,,0.639691715,1660,23,70.3,23.61308677,76.16249847,-0.825333357,-1.39866662,-1.39866662,10.0826664,10.0826664,-1.306666613,-1.306666613,-11.0880003,-11.0880003,109.75,63,63,209,209,116.6666641,116.6666641,50.33333206,50.33333206,88.41666412,74,74,192,192,54.66666794,54.66666794,33,33,0.226651937
147,Williston-Finlay,-124.1666667,56.16666667,192,,,,,1660,41,70.3,23.61308677,50.2342453,2.211999893,2.113333464,2.113333464,13.72266674,13.72266674,3.775999784,3.775999784,-10.65866661,-10.65866661,,21.33333397,21.33333397,139,139,,,,,89.58333588,76.33333588,76.33333588,195,195,54,54,33,33,0.024101058
65,Ljusnan/Voxnan,15.11666667,62.05,68.2,,,,,210,70,,,58.20602036,3.329999924,2.837333202,2.837333202,13.83199978,13.83199978,3.370666742,3.370666742,-6.676000118,-6.676000118,163.6666718,155.3333282,155.3333282,210.3333282,210.3333282,198,198,91,91,84.5,71,71,176.3333282,176.3333282,57.66666794,57.66666794,33,33,0.00279779
64,Ljungan,14.45,62.51666667,43.4,,,,,134,70,,,36.53290939,2.536000013,2.008000135,2.008000135,12.95466709,12.95466709,2.625333309,2.625333309,-7.444000244,-7.444000244,141.5,136.3333282,136.3333282,210,210,155.3333282,155.3333282,64.33333588,64.33333588,77.16666412,58,58,162.6666718,162.6666718,54.66666794,54.66666794,33.33333206,33.33333206,0.001193704
44,Indal,17.06666667,62.56666667,30.8,,84.89580385,,2.059544658,1176,70,,,62.73775864,3.088666677,2.323999882,2.323999882,13.76533318,13.76533318,3.325333357,3.325333357,-7.059999943,-7.059999943,176.25,154.6666718,154.6666718,229,229,200.6666718,200.6666718,120.6666641,120.6666641,98.91666412,87,87,213.3333282,213.3333282,63,63,32.33333206,32.33333206,0.129276916
140,Ume,20.11666667,63.81666667,12.3,,,,,360,70,,,69.10406494,2.993999958,1.690666676,1.690666676,14.00666618,14.00666618,3.346666574,3.346666574,-7.044000149,-7.044000149,155.0833282,136.3333282,136.3333282,212.6666718,212.6666718,183,183,88.33333588,88.33333588,115,77,77,214.3333282,214.3333282,61.33333206,61.33333206,107.3333359,107.3333359,0.047550034
128,Skinuddselet,18.43333333,63.98333333,298.6,,,,,27,15,170,0.158823529,47.77589417,1.643999934,0.920000017,0.920000017,12.93066692,12.93066692,1.501333237,1.501333237,-8.818666458,-8.818666458,129.25,88,88,202.6666718,202.6666718,163.3333282,163.3333282,63,63,100.1666641,56.66666794,56.66666794,184.3333282,184.3333282,52.66666794,52.66666794,107,107,0.022422394
127,Skellefte,20.68333333,64.5,24.5,,11.62736149,,0.354609851,817,70,,,6.547675133,2.208666563,1.049333334,1.049333334,13.45199966,13.45199966,2.613333464,2.613333464,-7.882666588,-7.882666588,150.25,127,127,217.3333282,217.3333282,181,181,75.66666412,75.66666412,105.4166641,68,68,187.6666718,187.6666718,58.66666794,58.66666794,107.3333359,107.3333359,0.002319003
154,"Angerman River (grand, average)",14.93333333,64.59861111,30.8,,,,,854,70,,,21.16691589,0.498999864,-0.646666765,-0.646666765,10.8453331,10.8453331,0.888000011,0.888000011,-8.821333885,-8.821333885,106,36.33333206,36.33333206,217.6666718,217.6666718,146.6666718,146.6666718,23.33333397,23.33333397,84.41666412,40,40,147.3333282,147.3333282,43.33333206,43.33333206,107,107,0.005247946
68,Lule,21.66666667,65.83333333,12.3,,20.54108913,,1.247826087,574,70,,,61.90879059,1.616666675,0.884000063,0.884000063,14.15999985,14.15999985,1.786666751,1.786666751,-10.18133354,-10.18133354,131.75,106.3333359,106.3333359,226,226,159.3333282,159.3333282,35.33333206,35.33333206,99.25,58.33333206,58.33333206,180.3333282,180.3333282,51.33333206,51.33333206,107,107,0.004778702
66,Lokka,27.73333333,67.81666667,545.5,79,632.0526667,33.28533333,0.865753425,316,28,2.1,150.4761905,60.0265007,-1.67933321,-3.041333199,-3.041333199,11.26399994,11.26399994,-1.165333152,-1.165333152,-13.59466648,-13.59466648,255,255,255,255,255,255,255,255,255,95.58333588,47.66666794,47.66666794,114,114,39.66666794,39.66666794,181,181,0.001488642
67,Lokka,27.73333333,67.81666667,288,115,333.696,48.45333333,0.865753425,316,28,2.1,150.4761905,60.0265007,-1.67933321,-3.041333199,-3.041333199,11.26399994,11.26399994,-1.165333152,-1.165333152,-13.59466648,-13.59466648,255,255,255,255,255,255,255,255,255,95.58333588,47.66666794,47.66666794,114,114,39.66666794,39.66666794,181,181,0.001488642
100,Porttipahta,26.75,68,572.7,13,1623.99197,13.4050165,2.118811881,214,25,1.4,152.8571429,59.06759644,-1.36500001,-2.257333517,-2.257333517,11.52133274,11.52133274,-1.255999923,-1.255999923,-13.42266655,-13.42266655,255,255,255,255,255,255,255,255,255,90.25,46.33333206,46.33333206,122,122,40.66666794,40.66666794,181,181,0.010603108
101,Porttipahta,26.75,68,420,6,1190.984158,6.186930693,2.118811881,214,25,1.4,152.8571429,59.06759644,-1.36500001,-2.257333517,-2.257333517,11.52133274,11.52133274,-1.255999923,-1.255999923,-13.42266655,-13.42266655,255,255,255,255,255,255,255,255,255,90.25,46.33333206,46.33333206,122,122,40.66666794,40.66666794,181,181,0.010603108